placeID,hours,days
135111,00:00-23:30,mon;tue;wed;thu;fri
135111,00:00-23:30,sat
135111,00:00-23:30,sun
135110,08:00-19:00,mon;tue;wed;thu;fri
135110,00:00-00:00,sat
135110,00:00-00:00,sun
135109,08:00-21:00,mon;tue;wed;thu;fri
135109,08:00-21:00,sat
135109,08:00-21:00,sun
135108,00:00-23:30,mon;tue;wed;thu;fri
135108,00:00-23:30,sat
135108,00:00-23:30,sun
135107,07:00-23:30,mon;tue;wed;thu;fri
135107,07:00-23:30,sat
135107,07:00-23:30,sun
135106,18:00-23:30,mon;tue;wed;thu;fri
135106,18:00-23:30,sat
135106,18:00-21:00,sun
135105,00:00-23:30,mon;tue;wed;thu;fri
135105,20:30-23:30,sat
135105,00:00-23:30,sun
135104,00:00-23:30,mon;tue;wed;thu;fri
135104,00:00-23:30,sat
135104,00:00-23:30,sun
135103,12:00-22:00,mon;tue;wed;thu;fri
135103,12:00-23:00,sat
135103,12:00-22:00,sun
135102,09:00-23:00,mon;tue;wed;thu;fri
135102,09:00-01:00,sat
135102,09:00-22:00,sun
135101,13:00-08:00,mon;tue;wed;thu;fri
135101,13:00-08:00,sat
135101,13:00-08:00,sun
135100,14:00-23:30,mon;tue;wed;thu;fri
135100,14:00-23:30,sat
135100,14:00-23:30,sun
135099,13:00-23:00,mon;tue;wed;thu;fri
135099,13:00-00:00,sat
135099,13:00-22:00,sun
135098,13:00-23:30,mon;tue;wed;thu;fri
135098,13:00-00:30,sat
135098,13:00-01:00,sun
135097,10:00-23:30,mon;tue;wed;thu;fri
135097,10:00-23:30,sat
135097,11:00-23:30,sun
135094,11:00-23:30,mon;tue;wed;thu;fri
135094,11:00-23:30,sat
135094,11:00-22:00,sun
135093,12:00-22:00,mon;tue;wed;thu;fri
135093,12:00-22:00,sat
135093,12:00-22:00,sun
135092,09:00-17:00,mon;tue;wed;thu;fri
135092,09:00-13:00,sat
135092,00:00-23:30,sun
135091,11:00-21:00,mon;tue;wed;thu;fri
135091,11:00-21:00,sat
135091,11:00-21:00,sun
135090,07:00-00:00,mon;tue;wed;thu;fri
135090,07:00-00:00,sat
135090,07:00-00:00,sun
135089,13:00-20:00,mon;tue;wed;thu;fri
135089,13:00-20:00,sat
135089,13:00-20:00,sun
135088,09:00-16:00,mon;tue;wed;thu;fri
135088,00:00-00:00,sat
135088,00:00-00:00,sun
135086,08:00-23:00,mon;tue;wed;thu;fri
135086,08:00-23:00,sat
135086,08:00-23:00,sun
135085,00:00-00:00,mon;tue;wed;thu;fri
135085,00:00-00:00,sat
135085,00:00-00:00,sun
135084,11:00-23:00,mon;tue;wed;thu;fri
135084,11:00-23:00,sat
135084,11:00-23:00,sun
135082,10:00-18:00,mon;tue;wed;thu;fri
135082,10:00-18:00,sat
135082,10:00-18:00,sun
135081,14:00-23:30,mon;tue;wed;thu;fri
135081,14:00-23:30,sat
135081,14:00-23:30,sun
135080,14:00-23:30,mon;tue;wed;thu;fri
135080,14:00-23:30,sat
135080,14:00-23:30,sun
135079,13:00-22:30,mon;tue;wed;thu;fri
135079,13:30-22:30,sat
135079,13:30-22:30,sun
135078,14:00-20:00,mon;tue;wed;thu;fri
135078,14:00-20:00,sat
135078,14:00-20:00,sun
135077,06:00-18:00,mon;tue;wed;thu;fri
135077,00:00-00:00,sat
135077,00:00-23:30,sun
135076,12:00-23:30,mon;tue;wed;thu;fri
135076,12:00-23:30,sat
135076,12:00-23:30,sun
135075,00:00-23:30,mon;tue;wed;thu;fri
135075,00:00-23:30,sat
135075,00:00-23:30,sun
135074,07:00-23:30,mon;tue;wed;thu;fri
135074,07:00-23:30,sat
135074,07:00-23:30,sun
135073,09:30-23:30,mon;tue;wed;thu;fri
135073,09:30-23:30,sat
135073,00:00-00:00,sun
135072,13:00-23:00,mon;tue;wed;thu;fri
135072,13:00-23:30,sat
135072,13:00-22:00,sun
135071,13:00-23:30,mon;tue;wed;thu;fri
135071,13:00-23:30,sat
135071,13:00-20:00,sun
135070,07:00-23:00,mon;tue;wed;thu;fri
135070,07:00-23:00,sat
135070,07:00-23:00,sun
135069,09:00-23:30,mon;tue;wed;thu;fri
135069,09:00-23:30,sat
135069,09:00-23:30,sun
135068,12:00-23:30,mon;tue;wed;thu;fri
135068,12:00-23:30,sat
135068,00:00-00:00,sun
135067,12:00-23:00,mon;tue;wed;thu;fri
135067,12:00-23:00,sat
135067,12:00-23:00,sun
135066,07:00-23:00,sat
135066,07:00-23:00,mon;tue;wed;thu;fri
135066,07:00-23:00,sun
135065,14:00-23:30,mon;tue;wed;thu;fri
135065,14:00-23:30,sat
135065,14:00-18:00,sun
135064,07:00-22:30,mon;tue;wed;thu;fri
135064,07:00-22:30,sat
135064,07:00-22:30,sun
135063,08:30-19:30,mon;tue;wed;thu;fri
135063,08:30-19:30,sat
135063,09:00-15:00,sun
135062,00:00-23:30,mon;tue;wed;thu;fri
135062,00:00-23:30,sat
135062,00:00-23:30,sun
135061,07:00-23:00,mon;tue;wed;thu;fri
135061,07:00-23:00,sat
135061,07:00-23:00,sun
135060,11:30-19:00,mon;tue;wed;thu;fri
135060,11:30-19:00,sat
135060,11:30-19:00,sun
135059,12:00-23:30,mon;tue;wed;thu;fri
135059,12:00-23:30,sat
135059,12:00-23:30,sun
135058,13:00-23:00,mon;tue;wed;thu;fri
135058,13:00-23:00,sat
135058,13:00-23:00,sun
135057,13:00-23:00,mon;tue;wed;thu;fri
135057,13:00-23:00,sat
135057,13:00-23:00,sun
135056,00:00-00:00,mon;tue;wed;thu;fri
135056,00:00-00:00,sat
135056,00:00-00:00,sun
135055,14:00-22:00,mon;tue;wed;thu;fri
135055,14:00-22:00,sat
135055,14:00-20:30,sun
135054,07:00-19:00,mon;tue;wed;thu;fri
135054,07:00-19:00,sat
135054,07:00-19:00,sun
135053,11:00-22:00,mon;tue;wed;thu;fri
135053,11:00-22:00,sat
135053,11:00-22:00,sun
135052,08:00-23:30,mon;tue;wed;thu;fri
135052,08:00-23:30,sat
135052,08:00-23:30,sun
135051,08:00-23:30,mon;tue;wed;thu;fri
135051,08:00-23:30,sat
135051,00:00-00:00,sun
135050,12:00-19:30,mon;tue;wed;thu;fri
135050,12:00-19:30,sat
135050,12:00-19:30,sun
135049,12:00-20:00,mon;tue;wed;thu;fri
135049,12:00-20:00,sat
135049,12:00-20:00,sun
135048,11:00-22:30,mon;tue;wed;thu;fri
135048,11:00-22:30,sat
135048,11:00-22:30,sun
135047,08:00-23:30,mon;tue;wed;thu;fri
135047,08:00-23:30,sat
135047,08:00-22:00,sun
135046,08:30-21:00,mon;tue;wed;thu;fri
135046,08:30-21:00,sat
135046,08:30-21:00,sun
135045,13:00-23:30,mon;tue;wed;thu;fri
135045,13:00-23:30,sat
135045,13:00-19:00,sun
135044,13:00-22:30,mon;tue;wed;thu;fri
135044,13:00-22:30,sat
135044,13:00-22:30,sun
135043,00:00-00:00,mon;tue;wed;thu;fri
135043,00:00-00:00,sat
135043,00:00-00:00,sun
135042,11:00-21:30,mon;tue;wed;thu;fri
135042,11:00-21:30,sat
135042,11:00-21:30,sun
135041,00:00-00:00,mon;tue;wed;thu;fri
135041,00:00-00:00,sat
135041,00:00-00:00,sun
135040,08:00-23:30,mon;tue;wed;thu;fri
135040,08:00-23:30,sat
135040,08:00-23:30,sun
135039,10:00-20:00,mon;tue;wed;thu;fri
135039,10:00-20:00,sat
135039,10:00-20:00,sun
135038,08:00-17:00,mon;tue;wed;thu;fri
135038,08:00-17:00,sat
135038,00:00-00:00,sun
135037,13:30-22:00,mon;tue;wed;thu;fri
135037,13:30-22:00,sat
135037,13:30-22:00,sun
135036,12:00-23:30,mon;tue;wed;thu;fri
135036,12:00-23:30,sat
135036,12:00-23:30,sun
135035,13:30-23:30,mon;tue;wed;thu;fri
135035,13:30-23:30,sat
135035,13:30-18:30,sun
135034,13:30-23:00,mon;tue;wed;thu;fri
135034,13:30-23:00,sat
135034,13:30-19:00,sun
135033,09:00-21:00,mon;tue;wed;thu;fri
135033,09:00-21:00,sat
135033,09:00-21:00,sun
135032,07:00-23:30,mon;tue;wed;thu;fri
135032,07:00-23:30,sat
135032,07:00-23:30,sun
135031,07:00-19:00,mon;tue;wed;thu;fri
135031,07:00-19:00,sat
135031,07:00-19:00,sun
135030,00:00-00:00,mon;tue;wed;thu;fri
135030,00:00-00:00,sat
135030,00:00-00:00,sun
135029,13:00-22:00,mon;tue;wed;thu;fri
135029,13:00-22:00,sat
135029,13:00-22:00,sun
135028,13:00-23:30,mon;tue;wed;thu;fri
135028,13:00-23:30,sat
135028,13:00-19:00,sun
135027,08:00-22:00,mon;tue;wed;thu;fri
135027,08:00-23:00,sat
135027,08:00-19:00,sun
135026,13:30-23:30,mon;tue;wed;thu;fri
135026,13:30-23:30,sat
135026,00:00-00:00,sun
135025,18:00-23:30,mon;tue;wed;thu;fri
135025,14:00-23:30,sat
135025,00:00-00:00,sun
135024,00:00-00:00,mon;tue;wed;thu;fri
135024,00:00-00:00,sat
135024,00:00-00:00,sun
135023,00:00-00:00,mon;tue;wed;thu;fri
135023,00:00-00:00,sat
135023,00:00-00:00,sun
135022,00:00-00:00,mon;tue;wed;thu;fri
135022,00:00-00:00,sat
135022,00:00-00:00,sun
135021,00:00-23:30,mon;tue;wed;thu;fri
135021,00:00-23:30,sat
135021,00:00-23:30,sun
135020,08:00-21:00,mon;tue;wed;thu;fri
135020,08:00-21:00,sat
135020,08:00-21:00,sun
135019,00:00-00:00,mon;tue;wed;thu;fri
135019,00:00-00:00,sat
135019,00:00-00:00,sun
135018,00:00-00:00,mon;tue;wed;thu;fri
135018,00:00-00:00,sat
135018,00:00-00:00,sun
135017,00:00-00:00,mon;tue;wed;thu;fri
135017,00:00-00:00,sat
135017,00:00-00:00,sun
135016,00:00-00:00,mon;tue;wed;thu;fri
135016,00:00-00:00,sat
135016,00:00-00:00,sun
135015,00:00-00:00,mon;tue;wed;thu;fri
135015,00:00-00:00,sat
135015,00:00-00:00,sun
135014,00:00-00:00,mon;tue;wed;thu;fri
135014,00:00-00:00,sat
135014,00:00-00:00,sun
135013,13:00-22:00,mon;tue;wed;thu;fri
135013,00:00-00:00,sat
135013,00:00-00:00,sun
135012,00:00-00:00,mon;tue;wed;thu;fri
135012,00:00-00:00,sat
135012,00:00-00:00,sun
135011,00:00-00:00,mon;tue;wed;thu;fri
135011,00:00-00:00,sat
135011,00:00-00:00,sun
135010,00:00-00:00,mon;tue;wed;thu;fri
135010,00:00-00:00,sat
135010,00:00-00:00,sun
135009,00:00-00:00,mon;tue;wed;thu;fri
135009,00:00-00:00,sat
135009,00:00-00:00,sun
135008,07:30-23:30,mon;tue;wed;thu;fri
135008,07:30-23:30,sat
135008,07:30-23:30,sun
135007,13:00-18:00,mon;tue;wed;thu;fri
135007,13:00-23:00,sat
135007,13:00-19:00,sun
135006,12:30-20:30,mon;tue;wed;thu;fri
135006,12:30-20:30,sat
135006,12:30-19:00,sun
135005,08:30-21:00,mon;tue;wed;thu;fri
135005,08:30-21:00,sat
135005,08:30-21:00,sun
135004,12:00-23:30,mon;tue;wed;thu;fri
135004,12:00-23:30,sat
135004,12:00-23:30,sun
135003,12:00-20:00,mon;tue;wed;thu;fri
135003,12:00-20:00,sat
135003,12:00-20:00,sun
135002,12:00-20:00,mon;tue;wed;thu;fri
135002,12:00-20:00,sat
135002,11:30-20:00,sun
135001,07:00-23:30,mon;tue;wed;thu;fri
135001,07:00-23:30,sat
135001,07:00-23:30,sun
135000,07:30-18:00,mon;tue;wed;thu;fri
135000,07:30-18:00,sat
135000,07:30-18:00,sun
134999,11:00-21:00,mon;tue;wed;thu;fri
134999,11:00-21:00,sat
134999,11:00-21:00,sun
134998,12:00-18:00,mon;tue;wed;thu;fri
134998,12:00-18:00,sat
134998,12:00-18:00,sun
134997,11:00-21:30,mon;tue;wed;thu;fri
134997,11:00-21:30,sat
134997,11:00-21:30,sun
134996,07:00-23:00,mon;tue;wed;thu;fri
134996,07:00-23:00,sat
134996,07:00-23:00,sun
134995,08:00-18:00,mon;tue;wed;thu;fri
134995,09:00-15:00,sat
134995,00:00-00:00,sun
134994,07:00-23:00,mon;tue;wed;thu;fri
134994,07:00-23:00,sat
134994,07:00-23:00,sun
134993,13:00-23:00,mon;tue;wed;thu;fri
134993,12:00-23:30,sat
134993,12:00-22:00,sun
134992,08:00-21:30,mon;tue;wed;thu;fri
134992,08:00-21:30,sat
134992,00:00-00:00,sun
134991,07:30-23:30,mon;tue;wed;thu;fri
134991,07:30-23:30,sat
134991,08:00-18:00,sun
134990,12:00-23:30,mon;tue;wed;thu;fri
134990,12:00-23:30,sat
134990,14:00-23:30,sun
134989,13:30-22:00,mon;tue;wed;thu;fri
134989,13:30-23:30,sat
134989,13:30-20:00,sun
134988,00:00-23:30,mon;tue;wed;thu;fri
134988,00:00-23:30,sat
134988,00:00-23:30,sun
134987,13:00-23:00,mon;tue;wed;thu;fri
134987,12:00-23:30,sat
134987,12:00-22:00,sun
134986,00:00-23:30,mon;tue;wed;thu;fri
134986,00:00-23:30,sat
134986,00:00-23:30,sun
134985,09:30-23:30,mon;tue;wed;thu;fri
134985,09:30-23:30,sat
134985,09:30-23:30,sun
134984,14:00-23:30,mon;tue;wed;thu;fri
134984,14:00-23:30,sat
134984,14:00-21:00,sun
134983,13:00-23:30,mon;tue;wed;thu;fri
134983,13:00-23:30,sat
134983,13:00-19:00,sun
134982,14:00-23:30,mon;tue;wed;thu;fri
134982,14:00-23:30,sat
134982,14:00-23:30,sun
134981,11:00-20:00,mon;tue;wed;thu;fri
134981,11:00-20:00,sat
134981,11:00-20:00,sun
134980,11:00-18:00,mon;tue;wed;thu;fri
134980,11:00-18:00,sat
134980,11:00-18:00,sun
134979,11:00-20:00,mon;tue;wed;thu;fri
134979,11:00-20:00,sat
134979,11:00-20:00,sun
134978,14:00-22:00,mon;tue;wed;thu;fri
134978,14:00-22:00,sat
134978,14:00-18:00,sun
134977,13:00-22:00,mon;tue;wed;thu;fri
134977,13:00-22:00,sat
134977,13:00-22:00,sun
134975,08:00-23:30,mon;tue;wed;thu;fri
134975,08:00-23:30,sat
134975,08:00-20:00,sun
134974,13:00-22:00,mon;tue;wed;thu;fri
134974,13:00-22:00,sat
134974,13:00-22:00,sun
134973,08:00-21:00,mon;tue;wed;thu;fri
134973,08:00-21:00,sat
134973,09:00-17:00,sun
134972,07:00-23:00,mon;tue;wed;thu;fri
134972,07:00-23:00,sat
134972,07:00-23:00,sun
134971,14:00-23:00,mon;tue;wed;thu;fri
134971,14:00-23:00,sat
134971,14:00-23:00,sun
134970,08:00-23:00,mon;tue;wed;thu;fri
134970,08:00-23:00,sat
134970,08:00-23:00,sun
133049,09:00-16:00,mon;tue;wed;thu;fri
133049,10:00-15:00,sat
133049,10:00-16:00,sun
133048,09:00-17:00,mon;tue;wed;thu;fri
133048,09:00-17:00,sat
133048,10:00-03:30,sun
133047,06:00-23:30,mon;tue;wed;thu;fri
133047,02:00-23:30,sat
133047,04:00-23:30,sun
133043,07:00-22:00,mon;tue;wed;thu;fri
133043,07:00-22:00,sat
133043,07:00-22:00,sun
133042,00:00-23:30,mon;tue;wed;thu;fri
133042,00:00-23:30,sat
133042,00:00-23:30,sun
133041,00:00-23:30,mon;tue;wed;thu;fri
133041,00:00-23:30,sat
133041,00:00-23:30,sun
133040,00:00-23:30,mon;tue;wed;thu;fri
133040,00:00-23:30,sat
133040,00:00-23:30,sun
133039,11:00-23:30,mon;tue;wed;thu;fri
133039,11:00-23:30,sat
133039,11:00-23:30,sun
133038,10:00-23:30,mon;tue;wed;thu;fri
133038,10:30-23:30,sat
133038,10:30-23:30,sun
133037,00:00-23:30,mon;tue;wed;thu;fri
133037,00:00-23:30,sat
133037,00:00-23:30,sun
133036,10:30-23:30,mon;tue;wed;thu;fri
133036,10:30-23:30,sat
133036,10:30-23:30,sun
133035,12:00-17:00,mon;tue;wed;thu;fri
133035,12:00-17:00,sat
133035,12:00-19:00,sun
133034,00:00-23:30,mon;tue;wed;thu;fri
133034,00:00-23:30,sat
133034,00:00-23:30,sun
133033,11:00-23:30,mon;tue;wed;thu;fri
133033,11:00-23:30,sat
133033,11:00-23:30,sun
133032,00:00-23:30,mon;tue;wed;thu;fri
133032,00:00-23:30,sat
133032,00:00-23:30,sun
133031,00:00-23:30,mon;tue;wed;thu;fri
133031,00:00-23:30,sat
133031,00:00-23:30,sun
133030,09:00-22:00,mon;tue;wed;thu;fri
133030,09:00-23:30,sat
133030,09:00-20:00,sun
133029,13:00-23:30,mon;tue;wed;thu;fri
133029,13:00-23:30,sat
133029,15:00-23:30,sun
133028,00:00-23:30,mon;tue;wed;thu;fri
133028,00:00-23:30,sat
133028,00:00-23:30,sun
133027,10:00-21:30,mon;tue;wed;thu;fri
133027,10:00-23:00,sat
133027,10:00-23:00,sun
133026,14:30-20:00,mon;tue;wed;thu;fri
133026,14:00-20:30,sat
133026,14:00-20:30,sun
133025,00:00-23:30,mon;tue;wed;thu;fri
133025,00:00-23:30,sat
133025,00:00-23:30,sun
133024,00:00-23:30,mon;tue;wed;thu;fri
133024,00:00-23:30,sat
133024,00:00-23:30,sun
133023,00:00-23:30,mon;tue;wed;thu;fri
133023,00:00-23:30,sat
133023,00:00-23:30,sun
133022,00:00-23:30,mon;tue;wed;thu;fri
133022,00:00-23:30,sat
133022,00:00-23:30,sun
133021,00:00-23:30,mon;tue;wed;thu;fri
133021,00:00-23:30,sat
133021,00:00-23:30,sun
133020,18:30-23:30,mon;tue;wed;thu;fri
133020,17:00-23:30,sat
133020,17:00-23:30,sun
133019,00:00-23:30,mon;tue;wed;thu;fri
133019,00:00-23:30,sat
133019,00:00-23:30,sun
133018,00:00-23:30,mon;tue;wed;thu;fri
133018,00:00-23:30,sat
133018,00:00-23:30,sun
133017,00:00-23:30,mon;tue;wed;thu;fri
133017,00:00-23:30,sat
133017,00:00-23:30,sun
133016,00:00-23:30,mon;tue;wed;thu;fri
133016,00:00-23:30,sat
133016,00:00-23:30,sun
133015,00:00-23:30,mon;tue;wed;thu;fri
133015,00:00-23:30,sat
133015,00:00-23:30,sun
133014,00:00-23:30,mon;tue;wed;thu;fri
133014,00:00-23:30,sat
133014,00:00-23:30,sun
133013,00:00-23:30,mon;tue;wed;thu;fri
133013,00:00-23:30,sat
133013,00:00-23:30,sun
133012,00:00-23:30,mon;tue;wed;thu;fri
133012,00:00-23:30,sat
133012,00:00-23:30,sun
133011,00:00-23:30,mon;tue;wed;thu;fri
133011,00:00-23:30,sat
133011,00:00-23:30,sun
133010,00:00-23:30,mon;tue;wed;thu;fri
133010,00:00-23:30,sat
133010,00:00-23:30,sun
133009,10:00-18:00,mon;tue;wed;thu;fri
133009,10:00-20:30,sat
133009,10:00-15:30,sun
133008,14:00-23:30,mon;tue;wed;thu;fri
133008,15:00-23:30,sat
133008,00:00-00:00,sun
133007,11:00-19:30,mon;tue;wed;thu;fri
133007,12:30-21:30,sat
133007,13:30-20:30,sun
133006,00:00-23:30,mon;tue;wed;thu;fri
133006,00:00-23:30,sat
133006,00:00-23:30,sun
133005,00:00-23:30,mon;tue;wed;thu;fri
133005,00:00-23:30,sat
133005,00:00-23:30,sun
133004,00:00-23:30,mon;tue;wed;thu;fri
133004,00:00-23:30,sat
133004,00:00-23:30,sun
133003,00:00-23:30,mon;tue;wed;thu;fri
133003,00:00-23:30,sat
133003,00:00-23:30,sun
133002,00:00-23:30,mon;tue;wed;thu;fri
133002,00:00-23:30,sat
133002,00:00-23:30,sun
133001,00:00-23:30,mon;tue;wed;thu;fri
133001,00:00-23:30,sat
133001,00:00-23:30,sun
133000,00:00-23:30,mon;tue;wed;thu;fri
133000,00:00-23:30,sat
133000,00:00-23:30,sun
132999,00:00-23:30,mon;tue;wed;thu;fri
132999,00:00-23:30,sat
132999,00:00-23:30,sun
132998,00:00-23:30,mon;tue;wed;thu;fri
132998,00:00-23:30,sat
132998,00:00-23:30,sun
132997,00:00-23:30,mon;tue;wed;thu;fri
132997,00:00-23:30,sat
132997,00:00-23:30,sun
132996,08:00-19:00,mon;tue;wed;thu;fri
132996,08:00-19:00,sat
132996,08:00-14:00,sun
132995,21:00-23:30,mon;tue;wed;thu;fri
132995,21:00-23:30,sat
132995,21:00-23:30,sun
132994,21:00-23:30,mon;tue;wed;thu;fri
132994,21:00-23:30,sat
132994,21:00-23:30,sun
132993,18:00-23:30,mon;tue;wed;thu;fri
132993,18:00-23:30,sat
132993,18:00-23:30,sun
132992,00:00-23:30,mon;tue;wed;thu;fri
132992,00:00-23:30,sat
132992,00:00-23:30,sun
132986,00:00-00:00,mon;tue;wed;thu;fri
132986,00:00-00:00,sat
132986,08:00-11:00,sun
132985,00:00-00:00,mon;tue;wed;thu;fri
132985,00:00-00:00,sat
132985,08:00-11:00,sun
132984,21:00-01:00,mon;tue;wed;thu;fri
132984,21:00-01:00,sat
132984,21:00-00:00,sun
132983,21:00-01:00,mon;tue;wed;thu;fri
132983,21:00-01:00,sat
132983,21:00-00:00,sun
132982,21:00-01:00,mon;tue;wed;thu;fri
132982,21:00-01:00,sat
132982,21:00-00:00,sun
132981,21:00-01:00,mon;tue;wed;thu;fri
132981,21:00-01:00,sat
132981,21:00-00:00,sun
132980,00:00-00:00,mon;tue;wed;thu;fri
132980,00:00-00:00,sat
132980,08:00-11:00,sun
132979,21:00-01:00,mon;tue;wed;thu;fri
132979,21:00-01:00,sat
132979,21:00-00:00,sun
132978,21:00-01:00,mon;tue;wed;thu;fri
132978,21:00-01:00,sat
132978,21:00-00:00,sun
132977,21:00-01:00,mon;tue;wed;thu;fri
132977,21:00-01:00,sat
132977,21:00-00:00,sun
132976,21:00-01:00,mon;tue;wed;thu;fri
132976,21:00-01:00,sat
132976,21:00-00:00,sun
132975,21:00-01:00,mon;tue;wed;thu;fri
132975,21:00-01:00,sat
132975,21:00-00:00,sun
132974,21:00-01:00,mon;tue;wed;thu;fri
132974,21:00-01:00,sat
132974,21:00-00:00,sun
132973,21:00-01:30,mon;tue;wed;thu;fri
132973,20:00-01:00,sat
132973,20:00-00:30,sun
132972,19:00-01:00,mon;tue;wed;thu;fri
132972,19:00-02:00,sat
132972,19:00-02:00,sun
132971,08:00-18:00,sat
132971,08:00-19:00,mon;tue;wed;thu;fri
132971,08:00-17:00,sun
132970,20:00-01:00,mon;tue;wed;thu;fri
132970,20:00-03:30,sat
132970,20:00-02:00,sun
132969,15:00-23:30,mon;tue;wed;thu;fri
132969,15:00-23:30,sat
132969,15:00-23:30,sun
132968,15:00-23:30,mon;tue;wed;thu;fri
132968,15:00-23:30,sat
132968,15:00-23:30,sun
132967,21:00-03:00,mon;tue;wed;thu;fri
132967,21:00-03:00,sat
132967,21:00-03:00,sun
132966,15:00-03:00,mon;tue;wed;thu;fri
132966,15:00-03:00,sat
132966,17:00-03:00,sun
132965,17:00-03:00,mon;tue;wed;thu;fri
132965,17:00-03:00,sat
132965,17:00-03:00,sun
132964,12:00-23:30,mon;tue;wed;thu;fri
132964,12:00-23:30,sat
132964,12:00-23:30,sun
132963,10:00-22:00,mon;tue;wed;thu;fri
132963,10:00-22:00,sat
132963,10:00-22:00,sun
132962,08:00-18:00,mon;tue;wed;thu;fri
132962,08:00-18:00,sat
132962,08:00-18:00,sun
132961,18:00-07:00,mon;tue;wed;thu;fri
132961,18:00-07:00,sat
132961,18:00-07:00,sun
132960,08:00-19:00,mon;tue;wed;thu;fri
132960,08:00-19:00,sat
132960,08:00-19:00,sun
132959,19:00-23:30,mon;tue;wed;thu;fri
132959,19:00-23:30,sat
132959,19:00-23:30,sun
132958,10:00-23:30,mon;tue;wed;thu;fri
132958,10:00-23:30,sat
132958,10:00-23:30,sun
132957,10:00-23:00,mon;tue;wed;thu;fri
132957,10:00-23:00,sat
132957,10:00-23:00,sun
132956,12:00-23:30,mon;tue;wed;thu;fri
132956,12:00-22:30,sat
132956,12:00-21:00,sun
132955,00:00-23:30,mon;tue;wed;thu;fri
132955,00:00-23:30,sat
132955,00:00-23:30,sun
132954,08:00-22:30,mon;tue;wed;thu;fri
132954,08:00-15:30,sat
132954,08:00-13:00,sun
132953,10:00-17:00,mon;tue;wed;thu;fri
132953,10:00-17:30,sat
132953,10:00-17:30,sun
132951,00:00-23:30,mon;tue;wed;thu;fri
132951,00:00-23:30,sat
132951,00:00-23:30,sun
132950,00:00-23:30,mon;tue;wed;thu;fri
132950,00:00-23:30,sat
132950,00:00-23:30,sun
132948,08:00-12:00,mon;tue;wed;thu;fri
132948,08:00-12:00,sat
132948,08:00-12:00,sun
132947,12:00-20:00,mon;tue;wed;thu;fri
132947,12:00-20:00,sat
132947,12:00-20:00,sun
132946,00:00-23:30,mon;tue;wed;thu;fri
132946,00:00-23:30,sat
132946,00:00-23:30,sun
132945,09:00-17:00,mon;tue;wed;thu;fri
132945,09:00-18:00,sat
132945,09:00-17:00,sun
132944,12:00-19:00,mon;tue;wed;thu;fri
132944,12:00-19:00,sat
132944,12:00-19:00,sun
132943,00:00-23:30,mon;tue;wed;thu;fri
132943,00:00-23:30,sat
132943,00:00-23:30,sun
132942,12:00-19:00,mon;tue;wed;thu;fri
132942,12:00-19:00,sat
132942,12:00-18:00,sun
132941,15:00-21:00,mon;tue;wed;thu;fri
132941,15:00-21:00,sat
132941,15:00-21:00,sun
132940,21:00-01:00,mon;tue;wed;thu;fri
132940,21:00-01:30,sat
132940,21:00-00:00,sun
132939,10:00-14:30,mon;tue;wed;thu;fri
132939,10:00-14:30,sat
132939,00:00-23:30,sun
132938,00:00-00:00,mon;tue;wed;thu;fri
132938,11:00-16:00,sat
132938,11:00-16:00,sun
132937,21:00-02:00,mon;tue;wed;thu;fri
132937,21:00-02:00,sat
132937,16:00-23:30,sun
132936,09:30-16:00,mon;tue;wed;thu;fri
132936,09:30-16:00,sat
132936,00:00-23:30,sun
132935,00:00-00:00,mon;tue;wed;thu;fri
132935,12:00-17:00,sat
132935,12:00-17:00,sun
132934,09:00-18:00,mon;tue;wed;thu;fri
132934,09:00-18:00,sat
132934,09:00-18:00,sun
132933,19:00-02:00,mon;tue;wed;thu;fri
132933,19:00-04:00,sat
132933,19:00-02:00,sun
132932,11:00-23:30,mon;tue;wed;thu;fri
132932,10:00-23:30,sat
132932,10:30-20:00,sun
132931,08:00-22:00,mon;tue;wed;thu;fri
132931,08:00-22:00,sat
132931,08:00-22:00,sun
132930,10:00-14:30,mon;tue;wed;thu;fri
132930,10:00-14:30,sat
132930,00:00-00:00,sun
132929,08:00-14:00,mon;tue;wed;thu;fri
132929,08:00-14:00,sat
132929,08:00-14:00,sun
132928,06:30-17:00,mon;tue;wed;thu;fri
132928,00:00-00:00,sat
132928,00:00-00:00,sun
132927,13:30-23:30,mon;tue;wed;thu;fri
132927,13:00-23:30,sat
132927,13:00-23:30,sun
132926,07:00-20:00,mon;tue;wed;thu;fri
132926,07:00-20:00,sat
132926,07:00-20:00,sun
132925,09:00-21:00,mon;tue;wed;thu;fri
132925,09:00-21:00,sat
132925,09:00-21:00,sun
132924,10:30-21:00,mon;tue;wed;thu;fri
132924,10:30-21:00,sat
132924,10:30-21:00,sun
132923,04:30-23:30,mon;tue;wed;thu;fri
132923,04:30-23:30,sat
132923,04:30-23:30,sun
132922,19:00-23:00,mon;tue;wed;thu;fri
132922,19:00-23:00,sat
132922,19:00-23:00,sun
132921,01:00-20:30,mon;tue;wed;thu;fri
132921,01:00-23:30,sat
132921,01:00-23:30,sun
132920,13:00-23:30,mon;tue;wed;thu;fri
132920,13:00-23:30,sat
132920,02:00-23:30,sun
132919,09:00-13:00,mon;tue;wed;thu;fri
132919,09:00-13:00,sat
132919,09:00-12:00,sun
132918,09:00-18:00,mon;tue;wed;thu;fri
132918,09:00-18:00,sat
132918,09:00-17:00,sun
132917,09:00-21:00,mon;tue;wed;thu;fri
132917,09:00-21:00,sat
132917,09:00-18:00,sun
132916,18:00-22:30,mon;tue;wed;thu;fri
132916,18:00-23:30,sat
132916,16:00-23:30,sun
132915,07:00-14:00,mon;tue;wed;thu;fri
132915,07:00-14:30,sat
132915,07:00-14:00,sun
132914,18:30-23:00,mon;tue;wed;thu;fri
132914,18:00-23:30,sat
132914,18:00-23:30,sun
132913,13:00-23:30,mon;tue;wed;thu;fri
132913,13:00-23:30,sat
132913,13:00-23:30,sun
132912,07:30-14:30,mon;tue;wed;thu;fri
132912,07:30-14:30,sat
132912,07:30-14:30,sun
132911,11:00-15:30,mon;tue;wed;thu;fri
132911,11:00-15:30,sat
132911,00:00-23:30,sun
132910,08:00-17:00,mon;tue;wed;thu;fri
132910,08:00-17:00,sat
132910,08:00-17:00,sun
132909,00:00-23:30,mon;tue;wed;thu;fri
132909,00:00-23:30,sat
132909,00:00-23:30,sun
132908,00:00-23:30,mon;tue;wed;thu;fri
132908,00:00-23:30,sat
132908,00:00-23:30,sun
132907,00:00-23:30,mon;tue;wed;thu;fri
132907,00:00-23:30,sat
132907,00:00-23:30,sun
132906,00:00-23:30,mon;tue;wed;thu;fri
132906,00:00-23:30,sat
132906,00:00-23:30,sun
132905,00:00-23:30,mon;tue;wed;thu;fri
132905,00:00-23:30,sat
132905,00:00-23:30,sun
132904,00:00-23:30,mon;tue;wed;thu;fri
132904,00:00-23:30,sat
132904,00:00-23:30,sun
132903,14:00-18:30,mon;tue;wed;thu;fri
132903,14:00-18:30,sat
132903,14:00-18:30,sun
132902,19:30-02:00,mon;tue;wed;thu;fri
132902,19:30-02:00,sat
132902,07:30-02:00,sun
132901,19:30-23:30,mon;tue;wed;thu;fri
132901,18:00-23:30,sat
132901,18:30-23:30,sun
132900,13:00-22:00,mon;tue;wed;thu;fri
132900,13:00-22:00,sat
132900,14:00-22:00,sun
132899,07:00-23:30,mon;tue;wed;thu;fri
132899,07:00-23:30,sat
132899,07:00-23:30,sun
132898,00:00-23:30,mon;tue;wed;thu;fri
132898,00:00-23:30,sat
132898,00:00-23:30,sun
132897,10:00-17:00,mon;tue;wed;thu;fri
132897,10:00-17:00,sat
132897,00:00-23:30,sun
132896,06:30-23:30,mon;tue;wed;thu;fri
132896,06:30-23:30,sat
132896,06:30-23:30,sun
132895,07:30-23:30,mon;tue;wed;thu;fri
132895,07:30-23:30,sat
132895,07:30-23:30,sun
132894,09:00-20:00,mon;tue;wed;thu;fri
132894,09:00-21:00,sat
132894,11:00-23:30,sun
132893,07:00-13:00,mon;tue;wed;thu;fri
132893,10:00-21:00,sat
132893,00:00-23:30,sun
132892,08:00-20:30,mon;tue;wed;thu;fri
132892,10:00-20:00,sat
132892,00:00-23:30,sun
132891,09:00-23:30,mon;tue;wed;thu;fri
132891,07:00-18:30,sat
132891,10:00-19:00,sun
132890,09:00-20:00,mon;tue;wed;thu;fri
132890,09:00-20:00,sat
132890,00:00-23:30,sun
132889,10:00-19:00,mon;tue;wed;thu;fri
132889,12:00-23:30,sat
132889,00:00-23:30,sun
132888,08:00-19:00,mon;tue;wed;thu;fri
132888,09:00-19:00,sat
132888,00:00-00:00,sun
132887,09:00-23:30,sat
132887,08:30-23:00,mon;tue;wed;thu;fri
132887,10:00-23:30,sun
132886,08:00-23:30,mon;tue;wed;thu;fri
132886,08:30-23:30,sat
132886,08:30-23:30,sun
132885,08:00-23:30,mon;tue;wed;thu;fri
132885,08:00-23:30,sat
132885,08:00-23:30,sun
132884,00:00-23:30,mon;tue;wed;thu;fri
132884,00:00-23:30,sat
132884,00:00-23:30,sun
132883,00:00-23:30,mon;tue;wed;thu;fri
132883,00:00-23:30,sat
132883,00:00-23:30,sun
132882,00:00-23:30,mon;tue;wed;thu;fri
132882,00:00-23:30,sat
132882,00:00-23:30,sun
132881,00:00-23:30,mon;tue;wed;thu;fri
132881,00:00-23:30,sat
132881,00:00-23:30,sun
132880,11:00-18:30,mon;tue;wed;thu;fri
132880,10:30-19:00,sat
132880,10:30-19:00,sun
132879,00:00-23:30,mon;tue;wed;thu;fri
132879,00:00-23:30,sat
132879,00:00-23:30,sun
132878,00:00-23:30,mon;tue;wed;thu;fri
132878,00:00-23:30,sat
132878,00:00-23:30,sun
132877,00:00-23:30,mon;tue;wed;thu;fri
132877,00:00-23:30,sat
132877,00:00-23:30,sun
132876,00:00-23:30,mon;tue;wed;thu;fri
132876,00:00-23:30,sat
132876,00:00-23:30,sun
132875,00:00-23:30,mon;tue;wed;thu;fri
132875,00:00-23:30,sat
132875,00:00-23:30,sun
132874,00:00-23:30,mon;tue;wed;thu;fri
132874,00:00-23:30,sat
132874,00:00-23:30,sun
132873,11:00-22:00,mon;tue;wed;thu;fri
132873,11:00-22:00,sat
132873,11:00-22:00,sun
132872,09:00-21:00,mon;tue;wed;thu;fri
132872,09:30-21:00,sat
132872,00:00-00:00,sun
132871,15:00-23:30,mon;tue;wed;thu;fri
132871,15:00-23:30,sat
132871,15:00-23:30,sun
132870,10:30-23:00,mon;tue;wed;thu;fri
132870,10:30-23:00,sat
132870,10:30-23:00,sun
132869,10:00-23:00,mon;tue;wed;thu;fri
132869,10:00-23:00,sat
132869,10:00-23:00,sun
132868,14:00-02:00,mon;tue;wed;thu;fri
132868,14:00-02:00,sat
132868,14:00-02:00,sun
132867,08:00-22:30,mon;tue;wed;thu;fri
132867,08:00-23:30,sat
132867,08:00-23:30,sun
132866,09:00-22:00,mon;tue;wed;thu;fri
132866,09:00-22:00,sat
132866,09:00-22:00,sun
132865,08:00-23:00,mon;tue;wed;thu;fri
132865,08:00-23:00,sat
132865,08:00-23:00,sun
132864,20:00-01:00,mon;tue;wed;thu;fri
132864,20:00-05:00,sat
132864,20:00-03:00,sun
132863,10:00-22:30,mon;tue;wed;thu;fri
132863,10:00-22:30,sat
132863,10:00-22:30,sun
132862,09:30-23:30,mon;tue;wed;thu;fri
132862,09:30-23:30,sat
132862,09:30-23:30,sun
132861,10:00-23:30,mon;tue;wed;thu;fri
132861,10:00-23:30,sat
132861,10:00-23:30,sun
132860,10:00-23:00,mon;tue;wed;thu;fri
132860,10:00-23:00,sat
132860,10:00-23:00,sun
132859,09:30-22:00,mon;tue;wed;thu;fri
132859,09:30-22:00,sat
132859,09:30-22:00,sun
132858,18:30-23:30,mon;tue;wed;thu;fri
132858,18:30-23:30,sat
132858,18:30-23:30,sun
132857,10:00-22:00,mon;tue;wed;thu;fri
132857,10:00-22:00,sat
132857,10:00-22:00,sun
132856,10:30-22:30,mon;tue;wed;thu;fri
132856,10:30-22:30,sat
132856,10:30-22:30,sun
132855,10:00-16:30,mon;tue;wed;thu;fri
132855,10:00-16:30,sat
132855,10:00-16:30,sun
132854,10:30-22:00,mon;tue;wed;thu;fri
132854,10:30-22:00,sat
132854,10:30-22:00,sun
132853,12:00-19:00,mon;tue;wed;thu;fri
132853,12:00-19:00,sat
132853,00:00-00:00,sun
132852,18:00-05:30,mon;tue;wed;thu;fri
132852,18:00-05:30,sat
132852,18:00-04:30,sun
132851,09:00-22:00,mon;tue;wed;thu;fri
132851,09:00-22:00,sat
132851,09:00-22:00,sun
132850,08:00-22:00,mon;tue;wed;thu;fri
132850,08:00-22:00,sat
132850,18:00-22:00,sun
132849,14:00-21:00,mon;tue;wed;thu;fri
132849,14:00-21:00,sat
132849,14:00-21:00,sun
132848,17:30-01:30,mon;tue;wed;thu;fri
132848,17:30-01:30,sat
132848,17:30-01:30,sun
132847,20:00-01:30,mon;tue;wed;thu;fri
132847,20:00-01:30,sat
132847,20:00-01:30,sun
132846,08:00-23:30,mon;tue;wed;thu;fri
132846,08:00-23:30,sat
132846,08:00-23:30,sun
132845,19:30-23:30,mon;tue;wed;thu;fri
132845,19:30-23:30,sat
132845,19:30-23:30,sun
132844,00:00-23:30,mon;tue;wed;thu;fri
132844,00:00-23:30,sat
132844,00:00-23:30,sun
132843,00:00-23:30,mon;tue;wed;thu;fri
132843,00:00-23:30,sat
132843,00:00-23:30,sun
132842,19:00-04:00,mon;tue;wed;thu;fri
132842,19:00-04:00,sat
132842,19:00-12:00,sun
132841,12:00-18:00,mon;tue;wed;thu;fri
132841,12:00-18:00,sat
132841,12:00-18:00,sun
132840,07:00-11:00,mon;tue;wed;thu;fri
132840,07:00-11:00,sat
132840,00:00-00:00,sun
132839,00:00-23:30,mon;tue;wed;thu;fri
132839,00:00-23:30,sat
132839,00:00-23:30,sun
132838,00:00-23:30,mon;tue;wed;thu;fri
132838,00:00-23:30,sat
132838,00:00-23:30,sun
132837,00:00-23:30,mon;tue;wed;thu;fri
132837,00:00-23:30,sat
132837,00:00-23:30,sun
132836,00:00-23:30,mon;tue;wed;thu;fri
132836,00:00-23:30,sat
132836,00:00-23:30,sun
132835,00:00-23:30,mon;tue;wed;thu;fri
132835,00:00-23:30,sat
132835,00:00-23:30,sun
132834,08:30-15:00,mon;tue;wed;thu;fri
132834,00:00-23:30,sat
132834,00:00-23:30,sun
132833,00:00-23:30,mon;tue;wed;thu;fri
132833,00:00-23:30,sat
132833,00:00-23:30,sun
132832,00:00-23:30,mon;tue;wed;thu;fri
132832,00:00-23:30,sat
132832,00:00-23:30,sun
132831,00:00-23:30,mon;tue;wed;thu;fri
132831,00:00-23:30,sat
132831,00:00-23:30,sun
132830,00:00-23:30,mon;tue;wed;thu;fri
132830,00:00-23:30,sat
132830,00:00-23:30,sun
132829,00:00-23:30,mon;tue;wed;thu;fri
132829,00:00-23:30,sat
132829,00:00-23:30,sun
132828,00:00-23:30,mon;tue;wed;thu;fri
132828,00:00-23:30,sat
132828,00:00-23:30,sun
132827,00:00-23:30,mon;tue;wed;thu;fri
132827,00:00-23:30,sat
132827,00:00-23:30,sun
132826,00:00-23:30,mon;tue;wed;thu;fri
132826,00:00-23:30,sat
132826,00:00-23:30,sun
132825,09:00-12:00,mon;tue;wed;thu;fri
132825,09:00-12:00,sat
132825,09:00-12:00,sun
132824,00:00-23:30,mon;tue;wed;thu;fri
132824,00:00-23:30,sat
132824,00:00-23:30,sun
132823,00:00-23:30,mon;tue;wed;thu;fri
132823,00:00-23:30,sat
132823,00:00-23:30,sun
132822,00:00-23:30,mon;tue;wed;thu;fri
132822,00:00-23:30,sat
132822,00:00-23:30,sun
132821,00:00-23:30,mon;tue;wed;thu;fri
132821,00:00-23:30,sat
132821,00:00-23:30,sun
132820,00:00-23:30,mon;tue;wed;thu;fri
132820,00:00-23:30,sat
132820,00:00-23:30,sun
132819,00:00-23:30,mon;tue;wed;thu;fri
132819,00:00-23:30,sat
132819,00:00-23:30,sun
132818,00:00-23:30,mon;tue;wed;thu;fri
132818,00:00-23:30,sat
132818,00:00-23:30,sun
132817,00:00-23:30,mon;tue;wed;thu;fri
132817,00:00-23:30,sat
132817,00:00-23:30,sun
132816,00:00-23:30,mon;tue;wed;thu;fri
132816,00:00-23:30,sat
132816,00:00-23:30,sun
132815,00:00-23:30,mon;tue;wed;thu;fri
132815,00:00-23:30,sat
132815,00:00-23:30,sun
132813,00:00-23:30,mon;tue;wed;thu;fri
132813,00:00-23:30,sat
132813,00:00-23:30,sun
132812,00:00-23:30,mon;tue;wed;thu;fri
132812,00:00-23:30,sat
132812,00:00-23:30,sun
132811,00:00-23:30,mon;tue;wed;thu;fri
132811,00:00-23:30,sat
132811,00:00-23:30,sun
132810,00:00-23:30,mon;tue;wed;thu;fri
132810,00:00-23:30,sat
132810,00:00-23:30,sun
132809,00:00-23:30,mon;tue;wed;thu;fri
132809,00:00-23:30,sat
132809,00:00-23:30,sun
132808,00:00-23:30,mon;tue;wed;thu;fri
132808,00:00-23:30,sat
132808,00:00-23:30,sun
132807,00:00-23:30,mon;tue;wed;thu;fri
132807,00:00-23:30,sat
132807,00:00-23:30,sun
132806,00:00-23:30,mon;tue;wed;thu;fri
132806,00:00-23:30,sat
132806,00:00-23:30,sun
132805,09:00-19:00,sat
132805,09:00-19:00,mon;tue;wed;thu;fri
132805,09:00-19:00,sun
132804,00:00-23:30,mon;tue;wed;thu;fri
132804,00:00-23:30,sat
132804,00:00-23:30,sun
132803,11:00-23:30,mon;tue;wed;thu;fri
132803,11:30-23:30,sat
132803,11:30-23:30,sun
132802,09:00-23:30,mon;tue;wed;thu;fri
132802,09:30-23:30,sat
132802,09:30-23:30,sun
132801,12:00-23:30,mon;tue;wed;thu;fri
132801,13:30-23:30,sat
132801,13:00-23:30,sun
132799,09:00-23:30,mon;tue;wed;thu;fri
132799,10:30-23:30,sat
132799,11:30-23:30,sun
132798,00:00-23:30,mon;tue;wed;thu;fri
132798,00:00-23:30,sat
132798,00:00-23:30,sun
132797,10:00-23:30,mon;tue;wed;thu;fri
132797,10:00-23:30,sat
132797,10:00-23:30,sun
132796,00:00-23:30,mon;tue;wed;thu;fri
132796,00:00-23:30,sat
132796,00:00-23:30,sun
132795,10:00-23:00,mon;tue;wed;thu;fri
132795,09:00-23:30,sat
132795,09:00-23:30,sun
132794,00:00-23:30,mon;tue;wed;thu;fri
132794,00:00-23:30,sat
132794,00:00-23:30,sun
132793,10:30-22:30,mon;tue;wed;thu;fri
132793,10:00-23:00,sat
132793,10:00-23:00,sun
132792,09:00-23:00,mon;tue;wed;thu;fri
132792,09:00-23:00,sat
132792,09:00-23:00,sun
132791,09:00-23:30,mon;tue;wed;thu;fri
132791,09:00-23:30,sat
132791,09:00-23:30,sun
132790,14:00-23:30,mon;tue;wed;thu;fri
132790,14:00-23:30,sat
132790,14:00-23:30,sun
132789,11:00-19:00,mon;tue;wed;thu;fri
132789,11:00-19:00,sat
132789,11:00-19:00,sun
132788,14:00-23:00,mon;tue;wed;thu;fri
132788,14:00-23:00,sat
132788,14:00-23:00,sun
132787,14:00-23:30,mon;tue;wed;thu;fri
132787,14:00-23:30,sat
132787,14:00-23:30,sun
132786,09:00-23:30,mon;tue;wed;thu;fri
132786,09:00-23:30,sat
132786,09:00-23:30,sun
132785,14:00-23:30,mon;tue;wed;thu;fri
132785,14:00-23:30,sat
132785,14:00-23:30,sun
132784,14:00-23:30,mon;tue;wed;thu;fri
132784,14:00-23:30,sat
132784,14:00-23:30,sun
132783,11:00-23:00,mon;tue;wed;thu;fri
132783,11:00-23:30,sat
132783,11:00-23:30,sun
132782,09:00-18:00,mon;tue;wed;thu;fri
132782,10:00-18:00,sat
132782,10:00-18:00,sun
132781,00:00-23:30,mon;tue;wed;thu;fri
132781,00:00-23:30,sat
132781,00:00-23:30,sun
132780,00:00-23:30,mon;tue;wed;thu;fri
132780,00:00-23:30,sat
132780,00:00-23:30,sun
132779,07:00-20:00,mon;tue;wed;thu;fri
132779,07:00-20:00,sat
132779,00:00-23:30,sun
132778,00:00-23:30,mon;tue;wed;thu;fri
132778,00:00-23:30,sat
132778,00:00-23:30,sun
132777,00:00-23:30,mon;tue;wed;thu;fri
132777,00:00-23:30,sat
132777,00:00-23:30,sun
132776,13:00-17:00,mon;tue;wed;thu;fri
132776,13:00-17:00,sat
132776,00:00-23:30,sun
132775,20:00-23:30,mon;tue;wed;thu;fri
132775,20:00-23:30,sat
132775,20:00-23:30,sun
132774,07:00-22:00,mon;tue;wed;thu;fri
132774,07:00-22:00,sat
132774,07:00-22:00,sun
132773,10:00-18:00,mon;tue;wed;thu;fri
132773,10:00-13:00,sat
132773,10:00-13:00,sun
132772,17:00-23:30,mon;tue;wed;thu;fri
132772,12:00-23:00,sat
132772,00:00-23:30,sun
132771,10:30-19:30,mon;tue;wed;thu;fri
132771,10:00-19:00,sat
132771,09:00-20:00,sun
132770,12:00-18:30,mon;tue;wed;thu;fri
132770,00:00-23:30,sat
132770,00:00-23:30,sun
132769,00:00-23:30,mon;tue;wed;thu;fri
132769,16:30-22:30,sat
132769,07:00-13:30,sun
132768,09:00-19:00,mon;tue;wed;thu;fri
132768,10:00-18:00,sat
132768,10:00-19:00,sun
132767,14:00-20:00,mon;tue;wed;thu;fri
132767,14:00-23:30,sat
132767,12:30-23:30,sun
132766,00:00-23:30,mon;tue;wed;thu;fri
132766,00:00-23:30,sat
132766,00:00-23:30,sun
132762,00:00-00:00,mon;tue;wed;thu;fri
132762,19:00-23:30,sat
132762,19:00-23:30,sun
132761,11:00-19:00,mon;tue;wed;thu;fri
132761,10:00-21:00,sat
132761,11:00-21:00,sun
132760,06:00-03:00,mon;tue;wed;thu;fri
132760,00:00-23:30,sat
132760,00:00-23:30,sun
132759,12:00-22:00,mon;tue;wed;thu;fri
132759,12:00-22:00,sat
132759,12:00-22:00,sun
132758,09:00-22:00,mon;tue;wed;thu;fri
132758,09:00-22:00,sat
132758,09:00-22:00,sun
132757,17:00-23:30,mon;tue;wed;thu;fri
132757,17:00-23:30,sat
132757,17:00-23:30,sun
132756,08:00-23:30,mon;tue;wed;thu;fri
132756,08:00-23:30,sat
132756,08:00-23:30,sun
132755,00:00-23:30,mon;tue;wed;thu;fri
132755,00:00-23:30,sat
132755,00:00-23:30,sun
132754,08:00-20:00,mon;tue;wed;thu;fri
132754,08:00-20:00,sat
132754,08:00-18:00,sun
132753,07:30-23:30,mon;tue;wed;thu;fri
132753,07:30-23:30,sat
132753,07:30-23:30,sun
132752,07:00-15:00,mon;tue;wed;thu;fri
132752,07:00-15:00,sat
132752,00:00-00:00,sun
132751,11:00-23:00,mon;tue;wed;thu;fri
132751,11:00-23:30,sat
132751,11:00-23:30,sun
132750,13:00-21:00,mon;tue;wed;thu;fri
132750,13:00-21:00,sat
132750,13:00-20:00,sun
132749,12:00-22:00,mon;tue;wed;thu;fri
132749,12:00-21:00,sat
132749,12:00-20:00,sun
132748,19:30-23:30,mon;tue;wed;thu;fri
132748,19:30-23:30,sat
132748,00:00-00:00,sun
132747,00:00-23:30,mon;tue;wed;thu;fri
132747,00:00-23:30,sat
132747,00:00-23:30,sun
132746,11:30-22:30,mon;tue;wed;thu;fri
132746,11:30-22:00,sat
132746,11:30-21:00,sun
132745,18:00-23:30,mon;tue;wed;thu;fri
132745,18:00-23:30,sat
132745,18:00-23:30,sun
132744,19:00-23:30,mon;tue;wed;thu;fri
132744,19:00-23:30,sat
132744,19:00-23:30,sun
132743,00:00-23:30,mon;tue;wed;thu;fri
132743,00:00-23:30,sat
132743,00:00-23:30,sun
132742,08:00-15:00,mon;tue;wed;thu;fri
132742,09:00-15:00,sat
132742,09:00-15:00,sun
132741,19:00-23:30,mon;tue;wed;thu;fri
132741,19:00-23:30,sat
132741,19:00-23:30,sun
132740,08:30-12:00,mon;tue;wed;thu;fri
132740,08:30-12:00,sat
132740,08:30-12:00,sun
132739,08:00-17:00,mon;tue;wed;thu;fri
132739,08:00-17:00,sat
132739,08:00-15:00,sun
132738,18:00-23:30,mon;tue;wed;thu;fri
132738,18:00-23:30,sat
132738,18:00-23:30,sun
132737,10:00-16:00,mon;tue;wed;thu;fri
132737,10:00-16:00,sat
132737,10:00-10:00,sun
132736,10:00-21:00,mon;tue;wed;thu;fri
132736,10:00-21:00,sat
132736,10:00-21:00,sun
132735,09:00-23:00,mon;tue;wed;thu;fri
132735,09:00-22:30,sat
132735,09:00-22:30,sun
132734,09:00-22:00,mon;tue;wed;thu;fri
132734,09:00-22:00,sat
132734,10:00-22:00,sun
132733,10:30-22:30,mon;tue;wed;thu;fri
132733,10:30-22:30,sat
132733,09:00-21:00,sun
132732,19:00-01:00,mon;tue;wed;thu;fri
132732,19:00-01:00,sat
132732,19:00-01:00,sun
132731,00:00-23:30,mon;tue;wed;thu;fri
132731,00:00-23:30,sat
132731,00:00-23:30,sun
132730,00:00-23:30,mon;tue;wed;thu;fri
132730,00:00-23:30,sat
132730,00:00-23:30,sun
132729,00:00-23:30,mon;tue;wed;thu;fri
132729,00:00-23:30,sat
132729,00:00-23:30,sun
132728,00:00-23:30,mon;tue;wed;thu;fri
132728,00:00-23:30,sat
132728,00:00-23:30,sun
132727,00:00-23:30,mon;tue;wed;thu;fri
132727,00:00-23:30,sat
132727,00:00-23:30,sun
132726,00:00-23:30,mon;tue;wed;thu;fri
132726,00:00-23:30,sat
132726,00:00-23:30,sun
132725,08:00-13:00,mon;tue;wed;thu;fri
132725,09:00-13:00,sat
132725,00:00-23:30,sun
132724,00:00-23:30,mon;tue;wed;thu;fri
132724,00:00-23:30,sat
132724,00:00-23:30,sun
132723,06:30-15:00,mon;tue;wed;thu;fri
132723,00:00-23:30,sat
132723,00:00-23:30,sun
132722,18:00-23:30,mon;tue;wed;thu;fri
132722,18:00-23:30,sat
132722,18:00-23:30,sun
132721,09:30-20:00,mon;tue;wed;thu;fri
132721,09:30-21:00,sat
132721,09:30-20:30,sun
132720,09:30-23:30,mon;tue;wed;thu;fri
132720,09:30-23:30,sat
132720,09:30-23:30,sun
132719,20:00-01:00,sat
132719,20:00-01:00,mon;tue;wed;thu;fri
132719,18:30-01:00,sun
132718,19:00-23:30,mon;tue;wed;thu;fri
132718,19:00-23:30,sat
132718,19:00-23:30,sun
132717,09:30-21:30,mon;tue;wed;thu;fri
132717,09:30-21:30,sat
132717,09:30-21:30,sun
132716,09:00-20:00,mon;tue;wed;thu;fri
132716,09:00-20:30,sat
132716,09:00-22:00,sun
132715,09:00-16:00,mon;tue;wed;thu;fri
132715,09:00-16:00,sat
132715,09:00-16:00,sun
132714,19:00-23:30,mon;tue;wed;thu;fri
132714,19:00-23:30,sat
132714,19:00-23:30,sun
132713,06:00-00:00,mon;tue;wed;thu;fri
132713,06:00-23:30,sat
132713,07:00-23:30,sun
132712,09:00-21:00,mon;tue;wed;thu;fri
132712,09:00-21:00,sat
132712,00:00-00:00,sun
132711,20:30-20:30,mon;tue;wed;thu;fri
132711,01:00-01:00,sat
132711,00:00-00:00,sun
132710,20:00-03:00,mon;tue;wed;thu;fri
132710,20:00-03:00,sat
132710,00:00-00:00,sun
132709,09:00-17:00,mon;tue;wed;thu;fri
132709,09:00-17:00,sat
132709,00:00-00:00,sun
132708,09:00-17:00,mon;tue;wed;thu;fri
132708,09:00-17:00,sat
132708,00:00-00:00,sun
132707,09:00-17:00,mon;tue;wed;thu;fri
132707,09:00-17:00,sat
132707,00:00-00:00,sun
132706,09:00-20:00,mon;tue;wed;thu;fri
132706,09:00-20:00,sat
132706,09:00-20:00,sun
132705,09:00-17:00,mon;tue;wed;thu;fri
132705,09:00-17:00,sat
132705,00:00-00:00,sun
132704,09:00-18:00,mon;tue;wed;thu;fri
132704,09:00-18:00,sat
132704,09:00-18:00,sun
132703,09:00-17:30,mon;tue;wed;thu;fri
132703,09:00-17:30,sat
132703,00:00-00:00,sun
132702,12:00-23:00,mon;tue;wed;thu;fri
132702,12:00-23:00,sat
132702,12:00-23:00,sun
132701,09:00-23:00,mon;tue;wed;thu;fri
132701,09:00-23:00,sat
132701,00:00-00:00,sun
132700,09:00-20:00,mon;tue;wed;thu;fri
132700,09:00-20:00,sat
132700,09:00-18:00,sun
132699,09:00-20:00,mon;tue;wed;thu;fri
132699,09:00-20:00,sat
132699,09:00-18:00,sun
132698,09:00-18:00,mon;tue;wed;thu;fri
132698,09:00-18:00,sat
132698,00:00-00:00,sun
132697,09:00-21:00,mon;tue;wed;thu;fri
132697,09:00-21:00,sat
132697,10:00-20:00,sun
132696,20:00-00:30,mon;tue;wed;thu;fri
132696,19:00-01:00,sat
132696,19:00-00:30,sun
132695,19:00-02:00,mon;tue;wed;thu;fri
132695,19:00-02:00,sat
132695,19:00-02:00,sun
132694,18:00-02:00,mon;tue;wed;thu;fri
132694,18:00-02:00,sat
132694,18:00-01:00,sun
132693,00:00-23:30,mon;tue;wed;thu;fri
132693,00:00-23:30,sat
132693,00:00-23:30,sun
132692,00:00-23:30,mon;tue;wed;thu;fri
132692,00:00-23:30,sat
132692,00:00-23:30,sun
132691,00:00-23:30,mon;tue;wed;thu;fri
132691,00:00-23:30,sat
132691,00:00-23:30,sun
132690,00:00-23:30,mon;tue;wed;thu;fri
132690,00:00-23:30,sat
132690,00:00-23:30,sun
132689,00:00-23:30,mon;tue;wed;thu;fri
132689,00:00-23:30,sat
132689,00:00-23:30,sun
132688,00:00-23:30,mon;tue;wed;thu;fri
132688,00:00-23:30,sat
132688,00:00-23:30,sun
132687,00:00-23:30,mon;tue;wed;thu;fri
132687,00:00-23:30,sat
132687,00:00-23:30,sun
132686,00:00-23:30,mon;tue;wed;thu;fri
132686,00:00-23:30,sat
132686,00:00-23:30,sun
132685,00:00-23:30,mon;tue;wed;thu;fri
132685,00:00-23:30,sat
132685,00:00-23:30,sun
132684,00:00-23:30,mon;tue;wed;thu;fri
132684,00:00-23:30,sat
132684,00:00-23:30,sun
132683,11:00-22:00,mon;tue;wed;thu;fri
132683,00:00-23:30,sat
132683,00:00-23:30,sun
132682,10:00-23:00,mon;tue;wed;thu;fri
132682,00:00-23:30,sat
132682,00:00-23:30,sun
132681,09:30-17:00,mon;tue;wed;thu;fri
132681,00:00-23:30,sat
132681,00:00-23:30,sun
132680,10:00-17:00,mon;tue;wed;thu;fri
132680,00:00-23:30,sat
132680,00:00-23:30,sun
132679,00:00-23:30,mon;tue;wed;thu;fri
132679,00:00-23:30,sat
132679,00:00-23:30,sun
132678,00:00-23:30,mon;tue;wed;thu;fri
132678,00:00-23:30,sat
132678,00:00-23:30,sun
132677,00:00-23:30,mon;tue;wed;thu;fri
132677,00:00-23:30,sat
132677,00:00-23:30,sun
132676,00:00-23:30,mon;tue;wed;thu;fri
132676,00:00-23:30,sat
132676,00:00-23:30,sun
132675,00:00-23:30,mon;tue;wed;thu;fri
132675,00:00-23:30,sat
132675,00:00-23:30,sun
132674,00:00-23:30,mon;tue;wed;thu;fri
132674,00:00-23:30,sat
132674,00:00-23:30,sun
132673,00:00-23:30,mon;tue;wed;thu;fri
132673,00:00-23:30,sat
132673,00:00-23:30,sun
132672,00:00-23:30,mon;tue;wed;thu;fri
132672,00:00-23:30,sat
132672,00:00-23:30,sun
132671,00:00-23:30,mon;tue;wed;thu;fri
132671,00:00-23:30,sat
132671,00:00-23:30,sun
132670,00:00-23:30,mon;tue;wed;thu;fri
132670,00:00-23:30,sat
132670,00:00-23:30,sun
132669,00:00-23:30,mon;tue;wed;thu;fri
132669,00:00-23:30,sat
132669,00:00-23:30,sun
132668,00:00-23:30,mon;tue;wed;thu;fri
132668,00:00-23:30,sat
132668,00:00-23:30,sun
132667,00:00-23:30,mon;tue;wed;thu;fri
132667,00:00-23:30,sat
132667,00:00-23:30,sun
132666,00:00-23:30,mon;tue;wed;thu;fri
132666,00:00-23:30,sat
132666,00:00-23:30,sun
132665,00:00-23:30,mon;tue;wed;thu;fri
132665,00:00-23:30,sat
132665,00:00-23:30,sun
132664,00:00-23:30,mon;tue;wed;thu;fri
132664,00:00-23:30,sat
132664,00:00-23:30,sun
132663,00:00-23:30,mon;tue;wed;thu;fri
132663,00:00-23:30,sat
132663,00:00-23:30,sun
132662,00:00-23:30,mon;tue;wed;thu;fri
132662,00:00-23:30,sat
132662,00:00-23:30,sun
132661,00:00-23:30,mon;tue;wed;thu;fri
132661,00:00-23:30,sat
132661,00:00-23:30,sun
132660,00:00-23:30,mon;tue;wed;thu;fri
132660,00:00-23:30,sat
132660,00:00-23:30,sun
132659,00:00-23:30,mon;tue;wed;thu;fri
132659,00:00-23:30,sat
132659,00:00-23:30,sun
132658,00:00-23:30,mon;tue;wed;thu;fri
132658,00:00-23:30,sat
132658,00:00-23:30,sun
132657,00:00-23:30,mon;tue;wed;thu;fri
132657,00:00-23:30,sat
132657,00:00-23:30,sun
132656,00:00-23:30,mon;tue;wed;thu;fri
132656,00:00-23:30,sat
132656,00:00-23:30,sun
132655,00:00-23:30,mon;tue;wed;thu;fri
132655,00:00-23:30,sat
132655,00:00-23:30,sun
132654,00:00-23:30,mon;tue;wed;thu;fri
132654,00:00-23:30,sat
132654,00:00-23:30,sun
132653,00:00-23:30,mon;tue;wed;thu;fri
132653,00:00-23:30,sat
132653,00:00-23:30,sun
132652,00:00-23:30,mon;tue;wed;thu;fri
132652,00:00-23:30,sat
132652,00:00-23:30,sun
132651,00:00-23:30,mon;tue;wed;thu;fri
132651,00:00-23:30,sat
132651,00:00-23:30,sun
132650,00:00-23:30,mon;tue;wed;thu;fri
132650,00:00-23:30,sat
132650,00:00-23:30,sun
132649,00:00-23:30,mon;tue;wed;thu;fri
132649,00:00-23:30,sat
132649,00:00-23:30,sun
132648,00:00-23:30,mon;tue;wed;thu;fri
132648,00:00-23:30,sat
132648,00:00-23:30,sun
132647,00:00-23:30,mon;tue;wed;thu;fri
132647,00:00-23:30,sat
132647,00:00-23:30,sun
132646,00:00-23:30,mon;tue;wed;thu;fri
132646,00:00-23:30,sat
132646,00:00-23:30,sun
132645,00:00-23:30,mon;tue;wed;thu;fri
132645,00:00-23:30,sat
132645,00:00-23:30,sun
132644,00:00-23:30,mon;tue;wed;thu;fri
132644,00:00-23:30,sat
132644,00:00-23:30,sun
132643,00:00-23:30,mon;tue;wed;thu;fri
132643,00:00-23:30,sat
132643,00:00-23:30,sun
132642,00:00-23:30,mon;tue;wed;thu;fri
132642,00:00-23:30,sat
132642,00:00-23:30,sun
132641,00:00-23:30,mon;tue;wed;thu;fri
132641,00:00-23:30,sat
132641,00:00-23:30,sun
132640,00:00-23:30,mon;tue;wed;thu;fri
132640,00:00-23:30,sat
132640,00:00-23:30,sun
132639,00:00-23:30,mon;tue;wed;thu;fri
132639,00:00-23:30,sat
132639,00:00-23:30,sun
132638,00:00-23:30,mon;tue;wed;thu;fri
132638,00:00-23:30,sat
132638,00:00-23:30,sun
132637,00:00-23:30,mon;tue;wed;thu;fri
132637,00:00-23:30,sat
132637,00:00-23:30,sun
132636,00:00-23:30,sat
132636,00:00-23:30,mon;tue;wed;thu;fri
132636,00:00-23:30,sun
132635,00:00-23:30,mon;tue;wed;thu;fri
132635,00:00-23:30,sat
132635,00:00-23:30,sun
132634,00:00-23:30,mon;tue;wed;thu;fri
132634,00:00-23:30,sat
132634,00:00-23:30,sun
132633,00:00-23:30,mon;tue;wed;thu;fri
132633,00:00-23:30,sat
132633,00:00-23:30,sun
132632,00:00-23:30,mon;tue;wed;thu;fri
132632,00:00-23:30,sat
132632,00:00-23:30,sun
132631,00:00-23:30,mon;tue;wed;thu;fri
132631,00:00-23:30,sat
132631,00:00-23:30,sun
132630,00:00-23:30,mon;tue;wed;thu;fri
132630,00:00-23:30,sat
132630,00:00-23:30,sun
132629,00:00-23:30,mon;tue;wed;thu;fri
132629,00:00-23:30,sat
132629,00:00-23:30,sun
132628,00:00-23:30,mon;tue;wed;thu;fri
132628,00:00-23:30,sat
132628,00:00-23:30,sun
132626,00:00-23:30,mon;tue;wed;thu;fri
132626,00:00-23:30,sat
132626,00:00-23:30,sun
132625,00:00-23:30,mon;tue;wed;thu;fri
132625,00:00-23:30,sat
132625,00:00-23:30,sun
132624,00:00-23:30,mon;tue;wed;thu;fri
132624,00:00-23:30,sat
132624,00:00-23:30,sun
132623,00:00-23:30,mon;tue;wed;thu;fri
132623,00:00-23:30,sat
132623,00:00-23:30,sun
132622,04:30-23:30,mon;tue;wed;thu;fri
132622,00:00-23:30,sat
132622,00:00-23:30,sun
132621,00:00-23:30,mon;tue;wed;thu;fri
132621,00:00-23:30,sat
132621,00:00-23:30,sun
132620,06:30-23:30,mon;tue;wed;thu;fri
132620,00:00-23:30,sat
132620,00:00-23:30,sun
132619,00:00-23:30,mon;tue;wed;thu;fri
132619,00:00-23:30,sat
132619,00:00-23:30,sun
132618,04:30-23:30,mon;tue;wed;thu;fri
132618,00:00-23:30,sat
132618,00:00-23:30,sun
132617,00:00-23:30,mon;tue;wed;thu;fri
132617,00:00-23:30,sat
132617,00:00-23:30,sun
132616,06:00-23:30,mon;tue;wed;thu;fri
132616,00:00-23:30,sat
132616,00:00-23:30,sun
132615,00:00-23:30,mon;tue;wed;thu;fri
132615,00:00-23:30,sat
132615,00:00-23:30,sun
132614,03:00-23:30,mon;tue;wed;thu;fri
132614,00:00-23:30,sat
132614,00:00-23:30,sun
132613,08:00-16:00,mon;tue;wed;thu;fri
132613,07:00-16:00,sat
132613,07:00-16:00,sun
132612,09:00-20:00,mon;tue;wed;thu;fri
132612,09:00-20:00,sat
132612,10:00-20:00,sun
132611,08:00-16:00,mon;tue;wed;thu;fri
132611,09:00-16:00,sat
132611,00:00-23:30,sun
132610,08:00-16:00,mon;tue;wed;thu;fri
132610,09:00-16:00,sat
132610,00:00-23:30,sun
132609,12:00-18:00,mon;tue;wed;thu;fri
132609,10:00-18:00,sat
132609,00:00-23:30,sun
132608,19:00-02:00,mon;tue;wed;thu;fri
132608,19:00-02:00,sat
132608,19:00-02:00,sun
132607,20:00-03:00,mon;tue;wed;thu;fri
132607,20:00-02:00,sat
132607,20:00-20:00,sun
132598,00:00-23:30,mon;tue;wed;thu;fri
132598,00:00-23:30,sat
132598,00:00-23:30,sun
132597,00:00-23:30,mon;tue;wed;thu;fri
132597,00:00-23:30,sat
132597,00:00-23:30,sun
132595,09:30-23:30,mon;tue;wed;thu;fri
132595,09:30-23:30,sat
132595,09:30-23:30,sun
132594,09:30-23:30,mon;tue;wed;thu;fri
132594,09:00-23:30,sat
132594,09:00-23:30,sun
132592,09:30-23:30,mon;tue;wed;thu;fri
132592,00:00-23:30,sat
132592,00:00-23:30,sun
132591,09:00-23:30,mon;tue;wed;thu;fri
132591,09:00-23:30,sat
132591,09:00-23:30,sun
132589,09:30-23:30,mon;tue;wed;thu;fri
132589,09:00-23:30,sat
132589,09:00-23:30,sun
132588,09:00-23:30,mon;tue;wed;thu;fri
132588,09:00-23:30,sat
132588,09:00-23:30,sun
132587,07:30-23:30,mon;tue;wed;thu;fri
132587,08:30-23:30,sat
132587,07:30-23:30,sun
132586,09:00-23:30,mon;tue;wed;thu;fri
132586,09:00-23:30,sat
132586,09:00-23:30,sun
132585,09:00-23:30,mon;tue;wed;thu;fri
132585,09:00-23:30,sat
132585,09:30-23:30,sun
132584,08:30-20:00,mon;tue;wed;thu;fri
132584,09:00-22:00,sat
132584,09:00-20:30,sun
132582,08:00-21:00,mon;tue;wed;thu;fri
132582,10:00-18:00,sat
132582,10:00-18:00,sun
132581,00:00-23:30,mon;tue;wed;thu;fri
132581,00:00-23:30,sat
132581,00:00-23:30,sun
132580,00:00-23:30,mon;tue;wed;thu;fri
132580,00:00-23:30,sat
132580,00:00-23:30,sun
132579,13:00-18:00,mon;tue;wed;thu;fri
132579,13:00-18:00,sat
132579,13:00-18:00,sun
132578,18:00-23:30,mon;tue;wed;thu;fri
132578,18:00-23:30,sat
132578,18:00-23:30,sun
132577,10:00-22:00,mon;tue;wed;thu;fri
132577,11:00-22:00,sat
132577,11:00-22:00,sun
132576,10:00-22:00,mon;tue;wed;thu;fri
132576,11:00-22:00,sat
132576,11:00-22:00,sun
132575,00:00-23:30,mon;tue;wed;thu;fri
132575,00:00-23:30,sat
132575,00:00-23:30,sun
132574,10:00-18:00,mon;tue;wed;thu;fri
132574,11:00-16:00,sat
132574,11:00-16:00,sun
132573,07:00-23:30,mon;tue;wed;thu;fri
132573,07:00-23:30,sat
132573,07:00-23:30,sun
132572,00:00-23:30,mon;tue;wed;thu;fri
132572,00:00-23:30,sat
132572,00:00-23:30,sun
132571,00:00-23:30,mon;tue;wed;thu;fri
132571,00:00-23:30,sat
132571,00:00-23:30,sun
132570,00:00-23:30,mon;tue;wed;thu;fri
132570,00:00-23:30,sat
132570,00:00-23:30,sun
132569,00:00-23:30,mon;tue;wed;thu;fri
132569,00:00-23:30,sat
132569,00:00-23:30,sun
132568,00:00-23:30,mon;tue;wed;thu;fri
132568,00:00-23:30,sat
132568,00:00-23:30,sun
132567,00:00-23:30,mon;tue;wed;thu;fri
132567,00:00-23:30,sat
132567,00:00-23:30,sun
132566,00:00-23:30,mon;tue;wed;thu;fri
132566,00:00-23:30,sat
132566,00:00-23:30,sun
132565,00:00-23:30,mon;tue;wed;thu;fri
132565,00:00-23:30,sat
132565,00:00-23:30,sun
132564,00:00-23:30,mon;tue;wed;thu;fri
132564,00:00-23:30,sat
132564,00:00-23:30,sun
132563,00:00-23:30,mon;tue;wed;thu;fri
132563,00:00-23:30,sat
132563,00:00-23:30,sun
132562,00:00-23:30,mon;tue;wed;thu;fri
132562,00:00-23:30,sat
132562,00:00-23:30,sun
132561,00:00-23:30,mon;tue;wed;thu;fri
132561,00:00-23:30,sat
132561,00:00-23:30,sun
132560,08:00-12:00,mon;tue;wed;thu;fri
132560,00:00-00:00,sat
132560,00:00-00:00,sun
132557,16:30-22:00;11:00-22:00;11:00-23:00;04:30-23:00,mon;tue;wed;thu;fri
132557,16:30-22:00;11:00-22:00;11:00-23:00;04:30-23:00,sun
132557,16:30-22:00;11:00-22:00;11:00-23:00;04:30-23:00,mon;tue;wed;thu;fri
132557,16:30-22:00;11:00-22:00;11:00-23:00;04:30-23:00,sat
132557,16:30-22:00;11:00-22:00;11:00-23:00;04:30-23:00,sat
132557,16:30-22:00;11:00-22:00;11:00-23:00;04:30-23:00,sun
132545,07:00-22:00,sat
132545,07:00-22:00,sun
132545,07:00-22:00,sun
132545,07:00-22:00,mon;tue;wed;thu;fri
132545,07:00-22:00,sat
132545,07:00-22:00,mon;tue;wed;thu;fri
132544,17:00-22:00,sat
132544,17:00-22:00,sun
132544,17:00-22:00,sun
132544,17:00-22:00,mon;tue;wed;thu;fri
132544,17:00-22:00,mon;tue;wed;thu;fri
132544,17:00-22:00,sat
132536,17:00-22:00,mon;tue;wed;thu;fri
132536,17:00-22:00,mon;tue;wed;thu;fri
132535,12:00-17:00;16:00-22:00,mon;tue;wed;thu;fri
132535,12:00-17:00;16:00-22:00,mon;tue;wed;thu;fri
132535,12:00-17:00;16:00-22:00,sat
132535,12:00-17:00;16:00-22:00,sat
132532,12:00-17:00,sat
132532,12:00-17:00,mon;tue;wed;thu;fri
132532,12:00-17:00,mon;tue;wed;thu;fri
132532,12:00-17:00,sat
132531,11:00-21:00,sat
132531,11:00-21:00,sun
132531,11:00-21:00,sun
132531,11:00-21:00,mon;tue;wed;thu;fri
132531,11:00-21:00,mon;tue;wed;thu;fri
132531,11:00-21:00,sat
132530,16:30-23:00,sun
132530,16:30-23:00,sun
132530,16:30-23:00,mon;tue;wed;thu;fri
132530,16:30-23:00,mon;tue;wed;thu;fri
132530,16:30-23:00,sat
132530,16:30-23:00,sat
132527,21:30-21:00,sun
132527,21:30-21:00,sun
132527,21:30-21:00,mon;tue;wed;thu;fri
132527,21:30-21:00,mon;tue;wed;thu;fri
132527,21:30-21:00,sat
132527,21:30-21:00,sat
132521,12:00-21:00,sun
132521,12:00-21:00,sun
132521,12:00-21:00,mon;tue;wed;thu;fri
132521,12:00-21:00,mon;tue;wed;thu;fri
132521,12:00-21:00,sat
132521,12:00-21:00,sat
132518,12:00-22:30,mon;tue;wed;thu;fri
132518,12:00-22:30,mon;tue;wed;thu;fri
132498,08:00-23:30,sat
132498,08:00-23:30,sun
132498,08:00-23:30,sun
132498,07:00-23:30,mon;tue;wed;thu;fri
132498,08:00-23:30,mon;tue;wed;thu;fri
132498,07:00-23:30,mon;tue;wed;thu;fri
132498,08:00-23:30,mon;tue;wed;thu;fri
132498,07:00-23:30,sat
132498,07:00-23:30,sat
132498,08:00-23:30,sat
132498,07:00-00:30,sun
132498,07:00-00:30,sun
132491,21:30-19:00,mon;tue;wed;thu;fri
132491,21:30-19:00,mon;tue;wed;thu;fri
132491,07:00-21:00,mon;tue;wed;thu;fri
132491,07:00-21:00,sat
132491,07:00-21:00,mon;tue;wed;thu;fri
132491,07:00-21:00,sat
132483,13:30-22:00,sat
132483,13:30-22:00,sun
132483,13:30-22:00,sun
132483,13:30-22:00,mon;tue;wed;thu;fri
132483,13:30-22:00,mon;tue;wed;thu;fri
132483,13:30-22:00,sat
132482,00:00-23:30,mon;tue;wed;thu;fri
132482,00:00-23:30,mon;tue;wed;thu;fri
132482,00:00-23:30,sat
132482,00:00-23:30,sat
132482,00:00-23:30,sun
132482,00:00-23:30,sun
132481,21:30-01:00,sun
132481,21:30-01:00,sun
132481,21:30-01:00,mon;tue;wed;thu;fri
132481,21:30-01:00,mon;tue;wed;thu;fri
132481,21:30-01:00,sat
132481,21:30-01:00,sat
132479,13:30-22:00,mon;tue;wed;thu;fri
132479,13:30-22:00,sat
132479,13:30-22:00,sun
132479,13:30-22:00,sun
132479,13:30-22:00,mon;tue;wed;thu;fri
132479,13:30-22:00,sat
132478,17:00-00:00,mon;tue;wed;thu;fri
132478,17:00-00:00,mon;tue;wed;thu;fri
132478,17:00-00:00,sat
132478,17:00-00:00,sat
132477,13:30-15:00;21:30-23:30,sat
132477,13:30-15:00;21:30-23:30,sun
132477,13:30-15:00;21:30-23:30,sun
132477,13:30-15:00;21:30-23:30,mon;tue;wed;thu;fri
132477,13:30-15:00;21:30-23:30,mon;tue;wed;thu;fri
132477,13:30-15:00;21:30-23:30,sat
132474,06:00-23:00,sun
132474,06:00-23:00,sun
132474,06:00-23:00,mon;tue;wed;thu;fri
132474,06:00-23:00,sat
132474,06:00-23:00,mon;tue;wed;thu;fri
132474,06:00-23:00,sat
132469,11:00-00:00,sat
132469,11:00-00:00,sat
132469,11:00-00:00,sun
132469,11:00-00:00,sun
132469,11:00-00:00,mon;tue;wed;thu;fri
132469,11:00-00:00,mon;tue;wed;thu;fri
132468,11:00-01:00,sat
132468,11:00-01:00,sun
132468,11:00-01:00,sun
132468,11:00-01:00,mon;tue;wed;thu;fri
132468,11:00-01:00,mon;tue;wed;thu;fri
132468,11:00-01:00,sat
132449,17:00-21:00,sat
132449,17:00-21:00,sun
132449,17:00-21:00,sun
132449,17:00-21:00,mon;tue;wed;thu;fri
132449,17:00-21:00,mon;tue;wed;thu;fri
132449,17:00-21:00,sat
132447,17:00-22:00,sun
132447,17:00-22:00,mon;tue;wed;thu;fri
132447,17:00-22:00,sat
132447,17:00-22:00,sat
132447,17:00-22:00,sun
132447,17:00-22:00,mon;tue;wed;thu;fri
132446,19:00-22:30,mon;tue;wed;thu;fri
132446,19:00-22:30,mon;tue;wed;thu;fri
132446,19:00-22:30,sat
132446,19:00-22:30,sat
132443,12:00-14:00;10:00-22:00,sat
132443,12:00-14:00;10:00-22:00,sat
132443,12:00-14:00;10:00-22:00,sun
132443,12:00-14:00;10:00-22:00,sun
132443,12:00-14:00;10:00-22:00,mon;tue;wed;thu;fri
132443,12:00-14:00;10:00-22:00,mon;tue;wed;thu;fri
132439,11:00-22:00,sat
132439,11:00-22:00,sun
132439,11:00-22:00,mon;tue;wed;thu;fri
132439,11:00-22:00,mon;tue;wed;thu;fri
132439,11:00-22:00,sat
132439,11:00-22:00,sun
132438,18:00-22:30,sun
132438,18:00-22:30,sun
132438,18:00-22:30,mon;tue;wed;thu;fri
132438,18:00-22:30,mon;tue;wed;thu;fri
132438,18:00-22:30,sat
132438,18:00-22:30,sat
132437,17:00-23:00,mon;tue;wed;thu;fri
132437,17:00-23:00,sat
132437,17:00-23:00,sat
132437,17:00-23:00,sun
132437,17:00-23:00,sun
132437,17:00-23:00,mon;tue;wed;thu;fri
132436,07:00-00:00,sat
132436,07:00-00:00,sat
132436,07:00-00:00,sun
132436,07:00-00:00,sun
132436,07:00-00:00,mon;tue;wed;thu;fri
132436,07:00-00:00,mon;tue;wed;thu;fri
132421,17:00-00:00,sat
132421,17:00-00:00,sat
132421,17:00-00:00,sun
132421,17:00-00:00,sun
132421,17:00-00:00,mon;tue;wed;thu;fri
132421,17:00-00:00,mon;tue;wed;thu;fri
132409,12:00-14:00,mon;tue;wed;thu;fri
132409,12:00-14:00,mon;tue;wed;thu;fri
132407,17:00-22:00,sun
132407,17:00-22:00,sun
132407,17:00-22:00,mon;tue;wed;thu;fri
132407,17:00-22:00,mon;tue;wed;thu;fri
132407,17:00-22:00,sat
132407,17:00-22:00,sat
132399,12:00-22:00,sat
132399,12:00-22:00,sun
132399,12:00-22:00,sun
132399,12:00-22:00,mon;tue;wed;thu;fri
132399,12:00-22:00,mon;tue;wed;thu;fri
132399,12:00-22:00,sat
132396,18:00-11:00,sat
132396,18:00-11:00,sun
132396,18:00-11:00,sun
132396,18:00-11:00,mon;tue;wed;thu;fri
132396,18:00-11:00,mon;tue;wed;thu;fri
132396,18:00-11:00,sat
132395,10:00-18:00,sat
132395,10:00-18:00,sun
132395,10:00-18:00,sun
132395,10:00-18:00,sat
132372,08:00-23:00;12:00,sun
132372,08:00-23:00;12:00,sun
132372,08:00-23:00;12:00,mon;tue;wed;thu;fri
132372,08:00-23:00;12:00,mon;tue;wed;thu;fri
132372,08:00-23:00;12:00,sat
132372,08:00-23:00;12:00,sat
132364,17:00-23:30,sat
132364,17:00-23:30,sun
132364,17:00-23:30,sun
132364,17:00-23:30,mon;tue;wed;thu;fri
132364,17:00-23:30,mon;tue;wed;thu;fri
132364,17:00-23:30,sat
132361,17:00-22:00,mon;tue;wed;thu;fri
132361,17:00-22:00,sat
132361,17:00-22:00,mon;tue;wed;thu;fri
132361,17:00-22:00,sat
132361,17:00-22:00,sun
132361,17:00-22:00,sun
132355,17:00-22:00;12:00,sun
132355,17:00-22:00;12:00,sun
132355,17:00-22:00;12:00,mon;tue;wed;thu;fri
132355,17:00-22:00;12:00,mon;tue;wed;thu;fri
132355,17:00-22:00;12:00,sat
132355,17:00-22:00;12:00,sat
132353,17:00-23:00,sun
132353,17:00-23:00,sun
132353,17:00-23:00,mon;tue;wed;thu;fri
132353,17:00-23:00,mon;tue;wed;thu;fri
132353,17:00-23:00,sat
132353,17:00-23:00,sat
132319,18:00-22:30,sat
132319,18:00-22:30,sun
132319,18:00-22:30,sun
132319,18:00-22:30,mon;tue;wed;thu;fri
132319,18:00-22:30,mon;tue;wed;thu;fri
132319,18:00-22:30,sat
132318,17:00-22:00,sun
132318,17:00-22:00,mon;tue;wed;thu;fri
132318,17:00-22:00,sat
132318,17:00-22:00,sun
132318,17:00-22:00,mon;tue;wed;thu;fri
132318,17:00-22:00,sat
132317,17:00-22:00,sun
132317,17:00-22:00,mon;tue;wed;thu;fri
132317,17:00-22:00,mon;tue;wed;thu;fri
132317,17:00-22:00,sat
132317,17:00-22:00,sat
132317,17:00-22:00,sun
132310,11:00-22:00,sun
132310,11:00-22:00,sat
132310,11:00-22:00,sun
132310,11:00-22:00,mon;tue;wed;thu;fri
132310,11:00-22:00,mon;tue;wed;thu;fri
132310,11:00-22:00,sat
132302,11:00-21:00,sun
132302,11:00-21:00,sun
132302,11:00-21:00,mon;tue;wed;thu;fri
132302,11:00-21:00,mon;tue;wed;thu;fri
132302,11:00-21:00,sat
132302,11:00-21:00,sat
132301,08:00-22:00,sat
132301,08:00-22:00,sun
132301,08:00-22:00,sun
132301,08:00-22:00,mon;tue;wed;thu;fri
132301,08:00-22:00,mon;tue;wed;thu;fri
132301,08:00-22:00,sat
132297,08:00-22:00,sun
132297,08:00-22:00,sun
132297,08:00-22:00,mon;tue;wed;thu;fri
132297,08:00-22:00,mon;tue;wed;thu;fri
132297,08:00-22:00,sat
132297,08:00-22:00,sat
132284,12:00-00:00,sat
132284,12:00-00:00,sat
132284,12:00-00:00,sun
132284,12:00-00:00,sun
132284,12:00-00:00,mon;tue;wed;thu;fri
132284,12:00-00:00,mon;tue;wed;thu;fri
132275,11:00-14:30;05:30-23:00;13:30-14:30,mon;tue;wed;thu;fri
132275,11:00-14:30;05:30-23:00;13:30-14:30,mon;tue;wed;thu;fri
132275,05:30-12:00;13:30-12:00;10:30-22:00,sun
132275,05:30-12:00;13:30-12:00;10:30-22:00,sun
132275,05:30-12:00;13:30-12:00;10:30-22:00,mon;tue;wed;thu;fri
132275,05:30-12:00;13:30-12:00;10:30-22:00,mon;tue;wed;thu;fri
132275,05:30-12:00;13:30-12:00;10:30-22:00,sat
132275,05:30-12:00;13:30-12:00;10:30-22:00,sat
132273,17:00-22:00,sun
132273,17:00-22:00,sun
132273,17:00-22:00,mon;tue;wed;thu;fri
132273,17:00-22:00,mon;tue;wed;thu;fri
132273,17:00-22:00,sat
132273,17:00-22:00,sat
132266,10:00-20:00,sat
132266,10:00-20:00,sun
132266,10:00-20:00,sun
132266,10:00-20:00,mon;tue;wed;thu;fri
132266,10:00-20:00,mon;tue;wed;thu;fri
132266,10:00-20:00,sat
132265,11:00-22:00,sun
132265,11:00-22:00,sun
132265,11:00-22:00,mon;tue;wed;thu;fri
132265,11:00-22:00,mon;tue;wed;thu;fri
132265,11:00-22:00,sat
132265,11:00-22:00,sat
132258,10:00-20:30;10:00-14:00,mon;tue;wed;thu;fri
132258,10:00-20:30;10:00-14:00,sat
132258,10:00-20:30;10:00-14:00,mon;tue;wed;thu;fri
132258,10:00-20:30;10:00-14:00,sat
132255,16:00-22:00;12:00-22:00,sun
132255,16:00-22:00;12:00-22:00,sun
132255,16:00-22:00;12:00-22:00,mon;tue;wed;thu;fri
132255,16:00-22:00;12:00-22:00,mon;tue;wed;thu;fri
132255,16:00-22:00;12:00-22:00,sat
132255,16:00-22:00;12:00-22:00,sat
132250,00:00-23:30,sat
132250,00:00-23:30,sun
132250,00:00-23:30,sun
132250,00:00-23:30,mon;tue;wed;thu;fri
132250,00:00-23:30,mon;tue;wed;thu;fri
132250,00:00-23:30,sat
132244,12:00-15:00;18:00-22:00,mon;tue;wed;thu;fri
132244,12:00-15:00;18:00-22:00,mon;tue;wed;thu;fri
132244,12:00-15:00;18:00-22:00,sat
132244,12:00-15:00;18:00-22:00,sat
132243,13:30-15:00;05:30-22:00,mon;tue;wed;thu;fri
132243,13:30-15:00;05:30-22:00,sat
132243,13:30-15:00;05:30-22:00,mon;tue;wed;thu;fri
132243,13:30-15:00;05:30-22:00,sat
132237,11:00-14:00;17:00-21:00;17:00-23:30;17:00-21:00,sun
132237,11:00-14:00;17:00-21:00;17:00-23:30;17:00-21:00,sun
132237,11:00-14:00;17:00-21:00;17:00-23:30;17:00-21:00,sat
132237,11:00-14:00;17:00-21:00;17:00-23:30;17:00-21:00,sat
132237,11:00-14:00;17:00-21:00;17:00-23:30;17:00-21:00,mon;tue;wed;thu;fri
132237,11:00-14:00;17:00-21:00;17:00-23:30;17:00-21:00,mon;tue;wed;thu;fri
132231,17:00-22:00,mon;tue;wed;thu;fri
132231,17:00-22:00,sat
132231,17:00-22:00,sat
132231,17:00-22:00,sun
132231,17:00-22:00,sun
132231,17:00-22:00,mon;tue;wed;thu;fri
132229,00:00-23:30,sun
132229,00:00-23:30,mon;tue;wed;thu;fri
132229,00:00-23:30,mon;tue;wed;thu;fri
132229,00:00-23:30,sat
132229,00:00-23:30,sat
132229,00:00-23:30,sun
132226,11:00-21:00,sun
132226,11:00-21:00,sat
132226,11:00-21:00,sun
132226,11:00-21:00,mon;tue;wed;thu;fri
132226,11:00-21:00,mon;tue;wed;thu;fri
132226,11:00-21:00,sat
132221,10:30-14:30;05:30-22:00;05:30-23:00;10:30-14:30,mon;tue;wed;thu;fri
132221,10:30-14:30;05:30-22:00;05:30-23:00;10:30-14:30,mon;tue;wed;thu;fri
132221,10:30-14:30;05:30-22:00;05:30-23:00;10:30-14:30,sat
132221,10:30-14:30;05:30-22:00;05:30-23:00;10:30-14:30,sat
132220,21:30-23:00,mon;tue;wed;thu;fri
132220,21:30-23:00,mon;tue;wed;thu;fri
132220,21:30-23:00,sat
132220,21:30-23:00,sat
132216,11:00-00:00,sat
132216,11:00-00:00,sat
132216,11:00-00:00,sun
132216,11:00-00:00,sun
132216,11:00-00:00,mon;tue;wed;thu;fri
132216,11:00-00:00,mon;tue;wed;thu;fri
132207,12:30-16:30;16:00-22:00,sat
132207,12:30-16:30;16:00-22:00,sun
132207,12:30-16:30;16:00-22:00,sun
132207,12:30-16:30;16:00-22:00,mon;tue;wed;thu;fri
132207,12:30-16:30;16:00-22:00,mon;tue;wed;thu;fri
132207,12:30-16:30;16:00-22:00,sat
132206,16:30-22:30,sun
132206,16:30-22:30,sun
132206,16:30-22:30,mon;tue;wed;thu;fri
132206,16:30-22:30,mon;tue;wed;thu;fri
132206,16:30-22:30,sat
132206,16:30-22:30,sat
132204,08:00-21:00,sat
132204,08:00-21:00,sun
132204,08:00-21:00,sun
132204,08:00-21:00,mon;tue;wed;thu;fri
132204,08:00-21:00,mon;tue;wed;thu;fri
132204,08:00-21:00,sat
132187,10:00-00:00;;17:00-23:30,sat
132187,10:00-00:00;;17:00-23:30,sun
132187,10:00-00:00;;17:00-23:30,mon;tue;wed;thu;fri
132187,10:00-00:00;;17:00-23:30,mon;tue;wed;thu;fri
132187,10:00-00:00;;17:00-23:30,sun
132187,10:00-00:00;;17:00-23:30,sat
132186,10:00-14:00,sat
132186,10:00-14:00,sun
132186,10:00-14:00,sun
132186,10:00-14:00,sat
132165,21:30-22:00,mon;tue;wed;thu;fri
132165,21:30-22:00,mon;tue;wed;thu;fri
132165,21:30-22:00,sat
132165,21:30-22:00,sat
132165,21:30-22:00,sun
132165,21:30-22:00,sun
132164,17:00-21:00,sat
132164,17:00-21:00,sun
132164,17:00-21:00,sun
132164,17:00-21:00,mon;tue;wed;thu;fri
132164,17:00-21:00,mon;tue;wed;thu;fri
132164,17:00-21:00,sat
132163,16:00-21:00,sat
132163,16:00-21:00,sun
132163,16:00-21:00,sun
132163,16:00-21:00,mon;tue;wed;thu;fri
132163,16:00-21:00,mon;tue;wed;thu;fri
132163,16:00-21:00,sat
132161,20:30-21:00,sun
132161,20:30-21:00,sun
132161,20:30-21:00,mon;tue;wed;thu;fri
132161,20:30-21:00,mon;tue;wed;thu;fri
132161,20:30-21:00,sat
132161,20:30-21:00,sat
132160,10:00-21:00,sun
132160,10:00-21:00,sun
132160,10:00-21:00,mon;tue;wed;thu;fri
132160,10:00-21:00,mon;tue;wed;thu;fri
132160,10:00-21:00,sat
132160,10:00-21:00,sat
132159,12:00-21:00,sun
132159,12:00-21:00,sun
132159,12:00-21:00,mon;tue;wed;thu;fri
132159,12:00-21:00,mon;tue;wed;thu;fri
132159,12:00-21:00,sat
132159,12:00-21:00,sat
132157,21:30-13:00,mon;tue;wed;thu;fri
132157,21:30-13:00,sat
132157,21:30-13:00,sun
132157,21:30-13:00,sun
132157,21:30-13:00,mon;tue;wed;thu;fri
132157,21:30-13:00,sat
132155,18:00-22:00,mon;tue;wed;thu;fri
132155,18:00-22:00,sat
132155,18:00-22:00,sat
132155,18:00-22:00,sun
132155,18:00-22:00,sun
132155,18:00-22:00,mon;tue;wed;thu;fri
132148,11:00-12:00,sun
132148,11:00-12:00,sun
132148,11:00-12:00,mon;tue;wed;thu;fri
132148,11:00-12:00,mon;tue;wed;thu;fri
132148,11:00-12:00,sat
132148,11:00-12:00,sat
132148,11:00-23:00,mon;tue;wed;thu;fri
132148,11:00-23:00,mon;tue;wed;thu;fri
132148,11:00-23:00,sat
132148,11:00-23:00,sat
132130,17:00-22:00,sat
132130,17:00-22:00,mon;tue;wed;thu;fri
132130,17:00-22:00,sat
132130,17:00-22:00,sun
132130,17:00-22:00,sun
132130,17:00-22:00,mon;tue;wed;thu;fri
132120,10:00-22:00;10:00-23:00;10:00-20:00;11:00-21:00,sun
132120,10:00-22:00;10:00-23:00;10:00-20:00;11:00-21:00,sun
132120,10:00-22:00;10:00-23:00;10:00-20:00;11:00-21:00,mon;tue;wed;thu;fri
132120,10:00-22:00;10:00-23:00;10:00-20:00;11:00-21:00,mon;tue;wed;thu;fri
132120,10:00-22:00;10:00-23:00;10:00-20:00;11:00-21:00,sat
132120,10:00-22:00;10:00-23:00;10:00-20:00;11:00-21:00,sat
132118,00:00-23:30,sun
132118,00:00-23:30,mon;tue;wed;thu;fri
132118,00:00-23:30,mon;tue;wed;thu;fri
132118,00:00-23:30,sat
132118,00:00-23:30,sat
132118,00:00-23:30,sun
132116,13:30-13:00;15:00-22:00,sat
132116,13:30-13:00;15:00-22:00,sun
132116,13:30-13:00;15:00-22:00,sun
132116,13:30-13:00;15:00-22:00,mon;tue;wed;thu;fri
132116,13:30-13:00;15:00-22:00,mon;tue;wed;thu;fri
132116,13:30-13:00;15:00-22:00,sat
132115,13:30-22:30;22:00,sun
132115,13:30-22:30;22:00,sun
132115,13:30-22:30;22:00,mon;tue;wed;thu;fri
132115,13:30-22:30;22:00,mon;tue;wed;thu;fri
132115,13:30-22:30;22:00,sat
132115,13:30-22:30;22:00,sat
132111,13:30-12:00;00:00-23:30;13:30-02:00;01:30-23:00,sat
132111,13:30-12:00;00:00-23:30;13:30-02:00;01:30-23:00,sun
132111,13:30-12:00;00:00-23:30;13:30-02:00;01:30-23:00,mon;tue;wed;thu;fri
132111,13:30-12:00;00:00-23:30;13:30-02:00;01:30-23:00,mon;tue;wed;thu;fri
132111,13:30-12:00;00:00-23:30;13:30-02:00;01:30-23:00,sat
132111,13:30-12:00;00:00-23:30;13:30-02:00;01:30-23:00,sun
132109,17:00-21:00,sat
132109,17:00-21:00,sun
132109,17:00-21:00,sun
132109,17:00-21:00,mon;tue;wed;thu;fri
132109,17:00-21:00,mon;tue;wed;thu;fri
132109,17:00-21:00,sat
132108,17:00-01:00,sat
132108,17:00-01:00,sun
132108,17:00-01:00,sun
132108,17:00-01:00,mon;tue;wed;thu;fri
132108,17:00-01:00,mon;tue;wed;thu;fri
132108,17:00-01:00,sat
132107,12:00-22:00,sat
132107,12:00-22:00,sun
132107,12:00-22:00,sun
132107,12:00-22:00,mon;tue;wed;thu;fri
132107,12:00-22:00,mon;tue;wed;thu;fri
132107,12:00-22:00,sat
132103,11:00-16:00;16:00-13:00;16:00-12:00;16:00-21:00,sun
132103,11:00-16:00;16:00-13:00;16:00-12:00;16:00-21:00,sun
132103,11:00-16:00;16:00-13:00;16:00-12:00;16:00-21:00,mon;tue;wed;thu;fri
132103,11:00-16:00;16:00-13:00;16:00-12:00;16:00-21:00,mon;tue;wed;thu;fri
132097,06:30-21:00,mon;tue;wed;thu;fri
132097,06:30-21:00,mon;tue;wed;thu;fri
132097,06:30-22:00,sat
132097,06:30-22:00,sun
132097,06:30-22:00,sat
132097,06:30-22:00,sun
132030,12:00-15:00;15:00-21:00,sun
132030,12:00-15:00;15:00-21:00,sun
132030,12:00-15:00;15:00-21:00,mon;tue;wed;thu;fri
132030,12:00-15:00;15:00-21:00,mon;tue;wed;thu;fri
132030,12:00-15:00;15:00-21:00,sat
132030,12:00-15:00;15:00-21:00,sat
132026,12:00-14:30,mon;tue;wed;thu;fri
132026,12:00-14:30,mon;tue;wed;thu;fri
132024,11:00-21:00,sun
132024,11:00-21:00,sun
132024,11:00-21:00,mon;tue;wed;thu;fri
132024,11:00-21:00,mon;tue;wed;thu;fri
132024,11:00-21:00,sat
132024,11:00-21:00,sat
132023,11:00-00:00,sat
132023,11:00-00:00,sat
132023,11:00-00:00,sun
132023,11:00-00:00,sun
132023,11:00-00:00,mon;tue;wed;thu;fri
132023,11:00-00:00,mon;tue;wed;thu;fri
132012,12:00-22:00,sun
132012,12:00-22:00,sun
132012,12:00-22:00,mon;tue;wed;thu;fri
132012,12:00-22:00,mon;tue;wed;thu;fri
132012,12:00-22:00,sat
132012,12:00-22:00,sat
